--
-- PostgreSQL database dump
--

-- Dumped from database version 16.3
-- Dumped by pg_dump version 16.3

SET statement_timeout = 0;
SET lock_timeout = 0;
SET idle_in_transaction_session_timeout = 0;
SET client_encoding = 'UTF8';
SET standard_conforming_strings = on;
SELECT pg_catalog.set_config('search_path', '', false);
SET check_function_bodies = false;
SET xmloption = content;
SET client_min_messages = warning;
SET row_security = off;

--
-- Name: dayofftype; Type: TYPE; Schema: public; Owner: postgres
--

CREATE TYPE public.dayofftype AS ENUM (
    'Unpaid',
    'Paid',
    'SickLeave'
);


ALTER TYPE public.dayofftype OWNER TO postgres;

--
-- Name: requeststatus; Type: TYPE; Schema: public; Owner: postgres
--

CREATE TYPE public.requeststatus AS ENUM (
    'Pending',
    'Approved',
    'Rejected'
);


ALTER TYPE public.requeststatus OWNER TO postgres;

SET default_tablespace = '';

SET default_table_access_method = heap;

--
-- Name: DayOffRequests; Type: TABLE; Schema: public; Owner: postgres
--

CREATE TABLE public."DayOffRequests" (
    "Id" integer NOT NULL,
    "EmployeeId" integer,
    "StartDate" date NOT NULL,
    "Status" character varying(50) NOT NULL,
    "PendingManagerId" integer,
    "EndDate" date,
    "DayOffTypeId" integer
);


ALTER TABLE public."DayOffRequests" OWNER TO postgres;

--
-- Name: DayOffRequests_Id_seq; Type: SEQUENCE; Schema: public; Owner: postgres
--

CREATE SEQUENCE public."DayOffRequests_Id_seq"
    AS integer
    START WITH 1
    INCREMENT BY 1
    NO MINVALUE
    NO MAXVALUE
    CACHE 1;


ALTER SEQUENCE public."DayOffRequests_Id_seq" OWNER TO postgres;

--
-- Name: DayOffRequests_Id_seq; Type: SEQUENCE OWNED BY; Schema: public; Owner: postgres
--

ALTER SEQUENCE public."DayOffRequests_Id_seq" OWNED BY public."DayOffRequests"."Id";


--
-- Name: DayOffTypes; Type: TABLE; Schema: public; Owner: postgres
--

CREATE TABLE public."DayOffTypes" (
    "Id" integer NOT NULL,
    "Name" character varying(127)
);


ALTER TABLE public."DayOffTypes" OWNER TO postgres;

--
-- Name: DayOffTypes_id_seq; Type: SEQUENCE; Schema: public; Owner: postgres
--

CREATE SEQUENCE public."DayOffTypes_id_seq"
    AS integer
    START WITH 1
    INCREMENT BY 1
    NO MINVALUE
    NO MAXVALUE
    CACHE 1;


ALTER SEQUENCE public."DayOffTypes_id_seq" OWNER TO postgres;

--
-- Name: DayOffTypes_id_seq; Type: SEQUENCE OWNED BY; Schema: public; Owner: postgres
--

ALTER SEQUENCE public."DayOffTypes_id_seq" OWNED BY public."DayOffTypes"."Id";


--
-- Name: Departments; Type: TABLE; Schema: public; Owner: postgres
--

CREATE TABLE public."Departments" (
    "Id" integer NOT NULL,
    "Name" character varying(100) NOT NULL,
    "ManagerId" integer
);


ALTER TABLE public."Departments" OWNER TO postgres;

--
-- Name: Department_Id_seq; Type: SEQUENCE; Schema: public; Owner: postgres
--

CREATE SEQUENCE public."Department_Id_seq"
    AS integer
    START WITH 1
    INCREMENT BY 1
    NO MINVALUE
    NO MAXVALUE
    CACHE 1;


ALTER SEQUENCE public."Department_Id_seq" OWNER TO postgres;

--
-- Name: Department_Id_seq; Type: SEQUENCE OWNED BY; Schema: public; Owner: postgres
--

ALTER SEQUENCE public."Department_Id_seq" OWNED BY public."Departments"."Id";


--
-- Name: EmployeeRoles; Type: TABLE; Schema: public; Owner: postgres
--

CREATE TABLE public."EmployeeRoles" (
    "EmployeeId" integer NOT NULL,
    "RoleId" integer NOT NULL
);


ALTER TABLE public."EmployeeRoles" OWNER TO postgres;

--
-- Name: Employees; Type: TABLE; Schema: public; Owner: postgres
--

CREATE TABLE public."Employees" (
    "Id" integer NOT NULL,
    "RemainingDayOffs" integer NOT NULL,
    "Name" text NOT NULL,
    "Surname" text NOT NULL,
    "EmailAddress" text NOT NULL,
    "PasswordHashed" text NOT NULL,
    "ManagerId" integer,
    "StartDate" date,
    "NextDayOffUpdateAmount" integer,
    "LastUpdatedDate" date
);


ALTER TABLE public."Employees" OWNER TO postgres;

--
-- Name: Employees_Id_seq; Type: SEQUENCE; Schema: public; Owner: postgres
--

ALTER TABLE public."Employees" ALTER COLUMN "Id" ADD GENERATED BY DEFAULT AS IDENTITY (
    SEQUENCE NAME public."Employees_Id_seq"
    START WITH 1
    INCREMENT BY 1
    NO MINVALUE
    NO MAXVALUE
    CACHE 1
);


--
-- Name: JobSchedules; Type: TABLE; Schema: public; Owner: postgres
--

CREATE TABLE public."JobSchedules" (
    "Id" integer NOT NULL,
    "JobKey" character varying(255) NOT NULL,
    "CronExpression" character varying(255) NOT NULL,
    "IsActive" boolean,
    "Group" character varying(255) NOT NULL
);


ALTER TABLE public."JobSchedules" OWNER TO postgres;

--
-- Name: Roles; Type: TABLE; Schema: public; Owner: postgres
--

CREATE TABLE public."Roles" (
    "RoleId" integer NOT NULL,
    "RoleName" character varying(50) NOT NULL
);


ALTER TABLE public."Roles" OWNER TO postgres;

--
-- Name: Roles_RoleId_seq; Type: SEQUENCE; Schema: public; Owner: postgres
--

CREATE SEQUENCE public."Roles_RoleId_seq"
    AS integer
    START WITH 1
    INCREMENT BY 1
    NO MINVALUE
    NO MAXVALUE
    CACHE 1;


ALTER SEQUENCE public."Roles_RoleId_seq" OWNER TO postgres;

--
-- Name: Roles_RoleId_seq; Type: SEQUENCE OWNED BY; Schema: public; Owner: postgres
--

ALTER SEQUENCE public."Roles_RoleId_seq" OWNED BY public."Roles"."RoleId";


--
-- Name: __EFMigrationsHistory; Type: TABLE; Schema: public; Owner: postgres
--

CREATE TABLE public."__EFMigrationsHistory" (
    "MigrationId" character varying(150) NOT NULL,
    "ProductVersion" character varying(32) NOT NULL
);


ALTER TABLE public."__EFMigrationsHistory" OWNER TO postgres;

--
-- Name: jobschedules_Id_seq; Type: SEQUENCE; Schema: public; Owner: postgres
--

CREATE SEQUENCE public."jobschedules_Id_seq"
    AS integer
    START WITH 1
    INCREMENT BY 1
    NO MINVALUE
    NO MAXVALUE
    CACHE 1;


ALTER SEQUENCE public."jobschedules_Id_seq" OWNER TO postgres;

--
-- Name: jobschedules_Id_seq; Type: SEQUENCE OWNED BY; Schema: public; Owner: postgres
--

ALTER SEQUENCE public."jobschedules_Id_seq" OWNED BY public."JobSchedules"."Id";


--
-- Name: DayOffRequests Id; Type: DEFAULT; Schema: public; Owner: postgres
--

ALTER TABLE ONLY public."DayOffRequests" ALTER COLUMN "Id" SET DEFAULT nextval('public."DayOffRequests_Id_seq"'::regclass);


--
-- Name: DayOffTypes Id; Type: DEFAULT; Schema: public; Owner: postgres
--

ALTER TABLE ONLY public."DayOffTypes" ALTER COLUMN "Id" SET DEFAULT nextval('public."DayOffTypes_id_seq"'::regclass);


--
-- Name: Departments Id; Type: DEFAULT; Schema: public; Owner: postgres
--

ALTER TABLE ONLY public."Departments" ALTER COLUMN "Id" SET DEFAULT nextval('public."Department_Id_seq"'::regclass);


--
-- Name: JobSchedules Id; Type: DEFAULT; Schema: public; Owner: postgres
--

ALTER TABLE ONLY public."JobSchedules" ALTER COLUMN "Id" SET DEFAULT nextval('public."jobschedules_Id_seq"'::regclass);


--
-- Name: Roles RoleId; Type: DEFAULT; Schema: public; Owner: postgres
--

ALTER TABLE ONLY public."Roles" ALTER COLUMN "RoleId" SET DEFAULT nextval('public."Roles_RoleId_seq"'::regclass);


--
-- Data for Name: DayOffRequests; Type: TABLE DATA; Schema: public; Owner: postgres
--

COPY public."DayOffRequests" ("Id", "EmployeeId", "StartDate", "Status", "PendingManagerId", "EndDate", "DayOffTypeId") FROM stdin;
104	3	2011-02-02	Cancelled	2	2011-02-02	1
106	3	2011-02-02	Cancelled	2	2011-02-02	2
41	6	2024-07-26	Cancelled	5	2024-07-26	1
43	6	2024-07-24	Cancelled	5	2024-07-24	2
45	6	2024-07-24	Cancelled	5	2024-07-24	1
49	6	2024-07-24	Pending	5	2024-07-24	1
51	2	2024-07-26	Pending	1	2024-07-26	1
55	2	2024-07-30	Pending	1	2024-07-30	2
111	3	2024-07-23	Cancelled	2	2024-07-24	1
105	3	2011-02-02	Cancelled	2	2011-02-02	1
69	3	2023-06-06	Cancelled	2	2023-06-06	2
110	3	2024-07-23	Cancelled	2	2024-07-24	1
68	2	2024-06-01	Pending	1	2024-06-01	2
71	1	2023-06-06	Approved	\N	2023-06-06	2
72	4	2023-06-06	Approved	\N	2023-06-06	2
122	3	2024-07-29	Cancelled	2	2024-07-29	2
123	3	2024-07-29	Cancelled	2	2024-07-29	2
124	3	2024-07-29	Cancelled	2	2024-07-29	2
121	3	2024-07-29	Cancelled	2	2024-07-29	2
119	3	2024-07-29	Pending	1	2024-08-01	2
67	3	2024-06-01	Pending	1	2024-06-01	2
74	3	2023-06-06	Pending	1	2023-06-06	2
125	3	2024-07-29	Pending	1	2024-07-30	2
109	3	2024-01-01	Pending	1	2024-01-02	1
73	3	2023-06-06	Pending	1	2023-06-06	2
115	3	2024-07-05	Pending	1	2024-07-05	2
120	3	2024-07-26	Pending	1	2024-07-31	2
75	3	2023-06-06	Pending	1	2023-06-06	2
126	3	2024-07-15	Pending	2	2024-07-17	2
127	3	2024-02-13	Pending	2	2024-02-14	2
128	6	2024-05-22	Pending	5	2024-05-24	2
129	3	2024-07-01	Rejected	2	2024-07-01	2
130	21	2024-08-05	Pending	9	2024-08-05	2
131	22	2024-08-05	Pending	6	2024-08-05	2
132	23	2024-08-05	Pending	8	2024-08-05	2
40	6	2024-07-24	Pending	5	2024-07-24	2
18	3	2024-07-17	Cancelled	2	2024-07-19	1
42	6	2024-07-24	Pending	5	2024-07-24	1
19	3	2024-07-26	Rejected	1	2024-07-29	2
44	6	2024-07-24	Pending	5	2024-07-24	2
112	2	2024-07-23	Pending	1	2024-07-24	1
113	4	2024-07-23	Approved	\N	2024-07-24	1
114	1	2024-07-23	Approved	\N	2024-07-24	1
116	3	2024-07-05	Pending	2	2024-07-05	2
117	6	2024-07-25	Pending	5	2024-07-25	2
118	6	2024-02-02	Pending	5	2024-02-02	2
1	3	2024-07-15	Approved	1	2024-07-15	1
2	3	2024-07-16	Cancelled	1	2024-07-16	2
3	3	2024-07-18	Rejected	1	2024-07-18	1
4	2	2024-07-22	Rejected	1	2024-07-22	2
16	3	2024-07-17	Cancelled	1	2024-07-18	1
17	2	2024-07-17	Rejected	1	2024-07-18	2
20	3	2024-07-24	Rejected	1	2024-07-25	1
21	2	2024-07-25	Rejected	1	2024-07-26	2
22	2	2024-07-25	Approved	1	2024-07-25	2
23	2	2024-07-22	Rejected	1	2024-07-22	1
24	2	2024-07-22	Rejected	1	2024-07-22	2
25	2	2024-07-22	Rejected	1	2024-07-22	1
26	2	2024-07-22	Rejected	1	2024-07-22	2
27	2	2024-07-22	Rejected	1	2024-07-22	2
28	2	2024-07-23	Rejected	1	2024-07-23	1
29	2	2024-07-25	Approved	1	2024-07-25	1
30	3	2024-07-22	Rejected	1	2024-07-22	2
50	3	2024-07-25	Cancelled	2	2024-07-25	1
52	3	2024-07-26	Cancelled	2	2024-07-26	1
53	3	2024-07-25	Cancelled	2	2024-07-25	1
54	3	2024-07-30	Cancelled	2	2024-07-30	2
56	3	2024-07-30	Cancelled	2	2024-07-30	2
57	3	2024-07-31	Cancelled	2	2024-07-31	2
64	3	2024-07-25	Cancelled	2	2024-07-25	2
65	3	2024-08-01	Cancelled	2	2024-08-02	2
66	3	2024-08-05	Cancelled	2	2024-08-07	2
107	3	2024-07-25	Cancelled	2	2024-07-25	2
36	3	2024-07-24	Cancelled	2	2024-07-24	1
108	3	2024-07-24	Cancelled	2	2024-07-24	2
\.


--
-- Data for Name: DayOffTypes; Type: TABLE DATA; Schema: public; Owner: postgres
--

COPY public."DayOffTypes" ("Id", "Name") FROM stdin;
1	Unpaid
2	Paid
\.


--
-- Data for Name: Departments; Type: TABLE DATA; Schema: public; Owner: postgres
--

COPY public."Departments" ("Id", "Name", "ManagerId") FROM stdin;
1	HR	1
2	Test	1
3	Finance	1
8	SmartFactory	1
9	Change2	2
4	Managerless	3
\.


--
-- Data for Name: EmployeeRoles; Type: TABLE DATA; Schema: public; Owner: postgres
--

COPY public."EmployeeRoles" ("EmployeeId", "RoleId") FROM stdin;
3	3
2	2
1	2
4	1
5	3
6	3
8	3
9	3
19	3
20	3
21	3
22	3
23	3
24	3
25	3
26	3
27	3
28	3
29	3
30	3
31	3
32	3
33	3
34	3
35	3
36	3
37	3
38	3
39	3
40	3
41	3
42	3
43	3
45	3
46	3
47	3
48	3
49	3
50	3
51	3
52	3
53	3
54	3
55	3
56	3
57	3
58	3
59	3
60	3
61	3
62	3
63	3
64	3
65	3
66	3
67	3
68	3
69	3
70	3
71	3
72	3
73	3
74	3
75	3
76	3
77	3
78	3
79	3
80	3
81	3
82	3
83	3
84	3
85	3
86	3
87	3
88	3
89	3
90	3
91	3
92	3
93	3
94	3
95	3
96	3
97	3
98	3
99	3
100	3
101	3
102	3
103	3
104	3
105	3
106	3
107	3
108	3
109	3
110	3
111	3
112	3
113	3
114	3
115	3
116	3
117	3
118	3
119	3
120	3
121	3
122	3
123	3
124	3
125	3
126	3
127	3
128	3
129	3
130	3
131	3
132	3
133	3
134	3
135	3
136	3
137	3
138	3
139	3
140	3
141	3
142	3
143	3
144	3
145	3
146	3
147	3
148	3
149	3
150	3
151	3
152	3
153	3
154	3
155	3
156	3
157	3
158	3
159	3
160	3
161	3
162	3
163	3
164	3
165	3
166	3
167	3
168	3
169	3
170	3
171	3
172	3
173	3
174	3
175	3
176	3
177	3
178	3
179	3
180	3
181	3
182	3
183	3
184	3
185	3
186	3
187	3
188	3
189	3
190	3
191	3
192	3
193	3
194	3
195	3
196	3
197	3
198	3
199	3
200	3
201	3
202	3
203	3
204	3
205	3
206	3
207	3
208	3
209	3
210	3
211	3
212	3
213	3
214	3
215	3
216	3
217	3
218	3
219	3
220	3
221	3
222	3
223	3
224	3
225	3
226	3
227	3
228	3
229	3
230	3
231	3
232	3
233	3
234	3
235	3
236	3
237	3
238	3
239	3
240	3
241	3
242	3
243	3
244	3
245	3
246	3
247	3
248	3
249	3
250	3
251	3
252	3
253	3
254	3
255	3
256	3
257	3
258	3
259	3
260	3
261	3
262	3
263	3
264	3
265	3
266	3
267	3
268	3
269	3
270	3
271	3
272	3
273	3
274	3
275	3
276	3
277	3
278	3
279	3
280	3
281	3
282	3
283	3
284	3
285	3
286	3
287	3
288	3
289	3
290	3
291	3
292	3
293	3
294	3
295	3
296	3
297	3
298	3
299	3
300	3
301	3
302	3
303	3
304	3
305	3
306	3
307	3
308	3
309	3
310	3
311	3
312	3
313	3
314	3
315	3
316	3
317	3
318	3
319	3
320	3
321	3
322	3
323	3
324	3
325	3
326	3
327	3
328	3
329	3
330	3
331	3
332	3
333	3
334	3
335	3
336	3
337	3
338	3
339	3
340	3
341	3
342	3
343	3
344	3
345	3
346	3
347	3
348	3
349	3
350	3
351	3
352	3
353	3
354	3
355	3
356	3
357	3
358	3
359	3
360	3
361	3
362	3
363	3
364	3
365	3
366	3
367	3
368	3
369	3
370	3
371	3
372	3
373	3
374	3
375	3
376	3
377	3
378	3
379	3
380	3
381	3
382	3
383	3
384	3
385	3
386	3
387	3
388	3
389	3
390	3
391	3
392	3
393	3
394	3
395	3
396	3
397	3
398	3
399	3
400	3
401	3
402	3
403	3
404	3
405	3
406	3
407	3
408	3
409	3
410	3
411	3
412	3
413	3
414	3
415	3
416	3
417	3
418	3
419	3
420	3
421	3
422	3
423	3
424	3
425	3
426	3
427	3
428	3
429	3
430	3
431	3
432	3
433	3
434	3
435	3
436	3
437	3
438	3
439	3
440	3
441	3
442	3
443	3
444	3
445	3
446	3
447	3
448	3
449	3
450	3
451	3
452	3
453	3
454	3
456	3
458	3
460	3
462	3
464	3
466	3
468	3
470	3
472	3
474	3
476	3
478	3
480	3
482	3
484	3
486	3
488	3
490	3
492	3
494	3
496	3
498	3
500	3
502	3
504	3
506	3
508	3
510	3
512	3
514	3
516	3
518	3
520	3
522	3
524	3
526	3
528	3
530	3
532	3
534	3
536	3
538	3
540	3
542	3
544	3
546	3
548	3
550	3
552	3
554	3
556	3
558	3
560	3
562	3
564	3
566	3
568	3
570	3
572	3
574	3
576	3
578	3
580	3
582	3
584	3
586	3
588	3
590	3
592	3
594	3
596	3
598	3
600	3
602	3
604	3
606	3
608	3
610	3
612	3
614	3
616	3
618	3
620	3
455	3
457	3
459	3
461	3
463	3
465	3
467	3
469	3
471	3
473	3
475	3
477	3
479	3
481	3
483	3
485	3
487	3
489	3
491	3
493	3
495	3
497	3
499	3
501	3
503	3
505	3
507	3
509	3
511	3
513	3
515	3
517	3
519	3
521	3
523	3
525	3
527	3
529	3
531	3
533	3
535	3
537	3
539	3
541	3
543	3
545	3
547	3
549	3
551	3
553	3
555	3
557	3
559	3
561	3
563	3
565	3
567	3
569	3
571	3
573	3
575	3
577	3
579	3
581	3
583	3
585	3
587	3
589	3
591	3
593	3
595	3
597	3
599	3
601	3
603	3
605	3
607	3
609	3
611	3
613	3
615	3
617	3
619	3
621	3
622	3
623	3
624	3
625	3
626	3
627	3
628	3
629	3
630	3
631	3
632	3
633	3
634	3
635	3
636	3
637	3
638	3
639	3
640	3
641	3
642	3
643	3
644	3
645	3
646	3
647	3
648	3
649	3
650	3
651	3
652	3
653	3
654	3
655	3
656	3
657	3
658	3
659	3
660	3
661	3
662	3
663	3
664	3
665	3
666	3
667	3
668	3
669	3
670	3
671	3
672	3
673	3
674	3
675	3
676	3
677	3
678	3
679	3
680	3
681	3
682	3
683	3
684	3
685	3
686	3
687	3
688	3
689	3
690	3
691	3
692	3
693	3
694	3
695	3
696	3
697	3
698	3
699	3
700	3
701	3
702	3
703	3
704	3
705	3
706	3
707	3
708	3
709	3
710	3
711	3
712	3
713	3
714	3
715	3
716	3
717	3
718	3
719	3
720	3
721	3
722	3
723	3
724	3
725	3
726	3
727	3
728	3
729	3
730	3
731	3
732	3
733	3
734	3
735	3
736	3
737	3
738	3
739	3
740	3
741	3
742	3
743	3
744	3
745	3
746	3
747	3
748	3
749	3
750	3
751	3
752	3
753	3
754	3
755	3
756	3
757	3
758	3
759	3
760	3
761	3
762	3
763	3
764	3
766	3
768	3
770	3
772	3
774	3
776	3
778	3
780	3
782	3
784	3
786	3
788	3
790	3
792	3
794	3
796	3
798	3
800	3
802	3
804	3
806	3
808	3
810	3
812	3
814	3
816	3
818	3
820	3
822	3
824	3
826	3
828	3
830	3
832	3
834	3
836	3
838	3
840	3
842	3
844	3
846	3
848	3
850	3
852	3
854	3
856	3
858	3
860	3
862	3
864	3
866	3
868	3
870	3
872	3
874	3
765	3
767	3
769	3
771	3
773	3
775	3
777	3
779	3
781	3
783	3
785	3
787	3
789	3
791	3
793	3
795	3
797	3
799	3
801	3
803	3
805	3
807	3
809	3
811	3
813	3
815	3
817	3
819	3
821	3
823	3
825	3
827	3
829	3
831	3
833	3
835	3
837	3
839	3
841	3
843	3
845	3
847	3
849	3
851	3
853	3
855	3
857	3
859	3
861	3
863	3
865	3
867	3
869	3
871	3
873	3
875	3
876	3
877	3
878	3
879	3
880	3
881	3
882	3
883	3
884	3
885	3
886	3
887	3
888	3
889	3
890	3
891	3
892	3
893	3
894	3
895	3
896	3
897	3
898	3
899	3
900	3
901	3
902	3
903	3
904	3
905	3
906	3
907	3
908	3
909	3
910	3
911	3
912	3
913	3
914	3
915	3
916	3
917	3
918	3
919	3
920	3
921	3
922	3
923	3
924	3
925	3
926	3
927	3
928	3
929	3
930	3
931	3
932	3
933	3
934	3
935	3
936	3
937	3
938	3
939	3
940	3
941	3
942	3
943	3
944	3
945	3
946	3
947	3
948	3
949	3
950	3
951	3
952	3
953	3
954	3
955	3
956	3
957	3
958	3
959	3
960	3
961	3
962	3
963	3
964	3
965	3
966	3
967	3
968	3
969	3
970	3
971	3
972	3
973	3
974	3
975	3
976	3
977	3
978	3
979	3
980	3
981	3
982	3
983	3
984	3
985	3
986	3
987	3
988	3
989	3
990	3
991	3
992	3
993	3
994	3
995	3
996	3
997	3
998	3
999	3
1000	3
1001	3
1002	3
1003	3
1004	3
1005	3
1006	3
1007	3
1008	3
1009	3
1010	3
1011	3
1012	3
1013	3
1014	3
1015	3
1016	3
1017	3
1018	3
1019	3
1020	3
1021	3
1022	3
1023	3
1024	3
1025	3
1026	3
1027	3
1028	3
1029	3
1030	3
1031	3
1032	3
1033	3
1034	3
1035	3
1036	3
1037	3
1038	3
1039	3
1040	3
1041	3
1042	3
1043	3
1044	3
\.


--
-- Data for Name: Employees; Type: TABLE DATA; Schema: public; Owner: postgres
--

COPY public."Employees" ("Id", "RemainingDayOffs", "Name", "Surname", "EmailAddress", "PasswordHashed", "ManagerId", "StartDate", "NextDayOffUpdateAmount", "LastUpdatedDate") FROM stdin;
1	6	Hell	Blade	simsekemre25@gmail.com	$2a$11$EJWZ/lX/0m2EbVAon5T0Oe6kRTENErkbHTwCfumyDPibyAM0gIX02	\N	2023-07-15	14	2024-07-26
2	31	test	test	simsekemre36@gmail.com	$2a$11$o6B24AG/vkpA/37iNeexcuULhKXKRxKUCIw/xLnJH59347JT.gD52	1	2023-10-21	14	2024-07-26
20	6	KBoJoUpJ	ncgiviWo	otJMM@example.com	$2a$11$E1MHHF5wx9n1WBJ2R4i09Og8ZfHAniURmum97v3Vswl8OQfvKeeIm	9	2022-04-15	14	2024-08-01
5	10	New 	User	simsekemre35@gmail.com	$2a$11$VA7FClTldPJAmi3n6kUEh.bYCpdoHKXsu6PzpWAvSQal9yTCg0Chq	\N	2024-06-03	14	2024-07-26
6	27	Emre	Simsek	emre@example.com	$2a$11$4lkY.oJzb4pSX6iGtFDzqeXSsas7ygql0uVaf63.RmLPc96uIr9WC	5	2024-07-21	14	2024-07-26
8	24	Job	Tester	job@example.com	$2a$11$4dDL3wXlRznMWL5bwU6XVuCMRi/k7gE8hQsIghvH4m4B8d8BAW7eC	\N	2022-07-23	14	2024-07-26
21	13	ZfaiLdMX	gGYtfRIW	LnlIL@example.com	$2a$11$R8XnbNLPaP25i4dLiKvwOu.0c8XQAd97Tj4mf/CITkckMMsmvHRny	9	2020-05-07	14	2024-08-01
22	10	oKajdLdm	hlSAnOVG	lyEhP@example.com	$2a$11$yqlWiIVBcgS/IOZaq2F1B.VqH38bAITYSPDDAFm4ksELMla9GQtzW	6	2021-03-21	14	2024-08-01
23	10	LNnmVXJk	izWsEIdV	mirQI@example.com	$2a$11$Ob/u85k7.YG82JHjbv0jvOvXh4rIiNfXfhZrWJmtY01Yc5bx5ChLS	8	2023-04-29	14	2024-08-01
24	13	FkAaADpf	eXFUzPwH	QwuQC@example.com	$2a$11$onCnMPiBowEohKHL7N7zQ.43ehCsDm34BvkDBUWZJeHik89DLXGrW	6	2018-11-15	20	2024-08-01
25	11	FdQAlNrK	XzFyaQtz	NZdDZ@example.com	$2a$11$13vpUrzR9zFOxtpLHxqFR.NH9gJJHiWeTlJUpndkljmfRB2C9tqwi	5	2023-11-27	14	2024-08-01
26	10	DLPockKI	POCNgeFE	DLVgV@example.com	$2a$11$L3MiOH36pX8y3OXlA1Pt7uTNELauOFuBjsShJVkBOFAj7pqWjkM/C	4	2019-03-18	14	2024-08-01
27	15	vCunRGbe	yGKjBjkS	vqSQv@example.com	$2a$11$esHmiy.My5JpnY4kGZzYyOomO6nGpdl/tMNgi5buv5ySsnVVv3JqK	3	2023-10-11	14	2024-08-01
28	12	AkvockGJ	SFIuECsj	CINOo@example.com	$2a$11$A9Rm33iwC0Odqjx/oP31LeBB25oNKY1wR5OEd6cdmvmczz9wc3yJW	\N	2022-07-12	14	2024-08-01
29	8	VxkCyOGj	IzWonMGy	WPVHL@example.com	$2a$11$.Sj8kTJmP6Op5MtLU/ehgeZdl6Nsre0sCsL281hA8xSMUWFOgDi9a	3	2020-06-06	14	2024-08-01
30	20	SRRErBdK	NAlydSLg	nZjvo@example.com	$2a$11$XcXAAO/6nxDN2..00fxQROdiwckX4pgwT1H2SEoGmNW6R51/ruzW2	5	2021-05-09	14	2024-08-01
31	15	kPNuqGGJ	yuBstbzs	eUKhx@example.com	$2a$11$Gu7owuuY1ZcgIZNxGdi/Qu3IQzDbC6Yn2S.S6F2W23SnbO22C45Yi	2	2020-04-13	14	2024-08-01
32	14	ySAFhdiH	CuendjKD	eTvFj@example.com	$2a$11$tI3txGDe34KpVZY9mEN/.OmQFCHGzImC5AnZUcxTu4H..FkojzhJC	3	2018-12-27	20	2024-08-01
9	22	Frank	White	white@example.com	$2a$11$m0fhHndRQtcccQjygwFd9OZWtegYFVKx4Ci7Q9CBE0irDMysfExr.	2	2022-07-25	14	2024-07-26
3	22	Joe	Doe	joe@example.com	$2a$11$qdhXS1iGPK88BBEimPbznOFZ4Ifli/esg/baUrcnm03AoykDhdEeS	2	2023-07-28	11	2024-07-26
33	20	YTimzaOC	gBkIbeQp	FksPU@example.com	$2a$11$5UchX3q1pCeOMDTgwhIKNu8J2FcW.WHhm2S8wQmCPkEGojkv2X/Pi	1	2018-10-28	20	2024-08-01
34	14	cEzzGNTt	qlgxVZhM	GECWZ@example.com	$2a$11$sUvfru4Y1zI0hsb7jSUUPuTOVYqFmjwKVVftOTZY5pXJYwwrJsTy2	4	2021-04-27	14	2024-08-01
35	11	IyYVoLAA	frmMZPLD	ckpKI@example.com	$2a$11$9xLL0vokgbp7.qEedeOgHufAQ1bArrG/4Fe5RornjIsgu2PNOYvwC	8	2022-11-16	14	2024-08-01
36	8	LIKJaJRN	DmTnEiTl	uVgZN@example.com	$2a$11$pZgO6R3PmUMss/dm87y4bOMmKRDkjVkNrQJ2M2P3F8REy.pGIXJfu	4	2019-05-25	14	2024-08-01
37	8	qfUBvqYv	tqerIVvM	vmUFk@example.com	$2a$11$D3oxQJoIJSPfe2jq01.3JOFMJPKxLaaQdqhQ80x76g/qmttoxNwuy	\N	2018-11-14	20	2024-08-01
38	18	gYaLQxDo	AiEOCXRw	vkbUa@example.com	$2a$11$rYgmVpPZ6rjmSsClojZoA.niv61dk39A2UU5R8CDq4ZldMB8aPSr.	4	2019-04-07	14	2024-08-01
39	9	jDgeSUTT	eVegUsmj	mJgLy@example.com	$2a$11$0pVMIUMgSj2qZmniZ.AE1OZLtvukzmfeYzwi7Bhs/wGNS3iqSCj26	8	2020-04-15	14	2024-08-01
40	7	FMUBjAFY	UuInHRvh	Bgnqv@example.com	$2a$11$36kCV5RmpGoX9HMXywUtwO0WzP5sMLLIYNQblqyBoZngczrg7vfku	8	2020-02-18	14	2024-08-01
41	20	knPqEEwd	BDiLKUVh	ztAjT@example.com	$2a$11$SoWlhViWKnUCbbeZ0rUEyuwJnSomLUl2CwDJfLI3tj0UEV6tPMcLa	9	2021-02-06	14	2024-08-01
43	6	vCJPvzMz	MLYvVLCq	esnfo@example.com	$2a$11$vhdKQ70Nah5/00X20l2ayevYNqU00U4UDa80KK9J/Nh0j.ID9Cp9e	1	2019-08-05	14	2024-08-01
45	8	KaUZkhiI	KZmRbVmu	NsKdn@example.com	$2a$11$Kg1X0VHivLHl1mmLKoagdO95hnUTkx.p3HRN6GtyK/ePVjSDPKrkG	\N	2022-12-01	14	2024-08-01
49	14	NzmIJNdE	JTlVjiyX	lWBGV@example.com	$2a$11$x4T.AO2l/g2d5ldN/YMp1O7.Nm1izELMzCQfWihS/jkFyomsfyYtm	\N	2022-06-23	14	2024-08-01
51	11	rYZgPimV	YWXrLZKw	IiOKC@example.com	$2a$11$t3Q0DWBN0uMD8kmPsrkAueRlHNj7vHWm30A.yY0X/Co/gc/h/RaEC	\N	2019-07-12	14	2024-08-01
54	10	dZDzJlqR	kenGrXJD	WVXwl@example.com	$2a$11$cq0IaSF1931hhljMtZzp6O0XJjvAeSW0Z57AJBly0rGYUHnLVK1hW	\N	2022-12-13	14	2024-08-01
55	11	UJtIPmII	HuEhbIax	tAkKS@example.com	$2a$11$wzenL4S.vO3uvocwp.En7OA5ixMvR6CvQHdzb24XPy9Bh2x3ZTNZW	\N	2019-07-31	14	2024-08-01
57	13	BMTFSJoE	CAIeKzEy	nRseT@example.com	$2a$11$alymPHCFz2zPcrgSw4xi6.ip82Mnp5bZheSVoA2TlsrvO1R4Pp5TK	\N	2023-11-16	14	2024-08-01
58	7	YpgnCbCb	fnGDiJmv	AiZhZ@example.com	$2a$11$KJ5eauXsnmCAJMru1UuFb.k4sJCxBMe6oH0TSQbI6/le1/bSzeIsa	\N	2023-01-30	14	2024-08-01
60	18	SvNPFHVQ	rLaAENag	ZSTvg@example.com	$2a$11$mEms.mduQNrOo7qqlLXX3OxcBWzPsrvhhUCtUitYx/EcJzsSE.KaG	\N	2020-04-20	14	2024-08-01
46	12	HSoFquqj	UWbesGIj	BFPZG@example.com	$2a$11$s5.ZtfBOvOdQOZw25Xk4zutDs00e0D9bfOLaePSXUPS6eKjJAzo96	2	2021-02-14	14	2024-08-01
47	19	oZwSmnps	eFwiOMPA	XHWJU@example.com	$2a$11$CN/bB7py5PX82WgeS.E.4ueuBmodeZ/5yUqH7mvgqCT/mjdablJ6y	2	2020-03-02	14	2024-08-01
48	13	syfqlELZ	upzRVsHd	SbIhz@example.com	$2a$11$6u0Uu8r6I4fM.GLLuGNckORYsBhzB1aIB9tDpVTvC4.x9Y9DbJcLC	1	2023-09-25	14	2024-08-01
50	8	KPaYRMyu	CDOQkbsv	fSWBS@example.com	$2a$11$Ht3jx3X54v0YcfZLnLWhbeDxPE8M67lFeknKhgvil3NQMYkfpxy8G	5	2019-03-18	14	2024-08-01
52	14	uLOROKgu	onphHgmn	KjbuB@example.com	$2a$11$MWPwjfwOLr6uYuDtvE3wHO76Q/bBnCtaI9rOAack3y9rU1nTgOlq.	5	2022-06-10	14	2024-08-01
53	17	dSXgywYo	gcSyRuRY	oNsVU@example.com	$2a$11$u.ku8Vm2IHIDhYF/YL4OOewGrS.mO0p3SA618oVxdeZ2ym5.nj36K	5	2023-01-23	14	2024-08-01
4	96	Admin	Admin	admin@example.com	$2a$11$xfNFNmkVD5/wd5YQiOqvje9NHtIX0MzSZ2nSOQdCMNpektCPeWdWi	\N	2023-01-01	14	2024-07-26
62	11	dCsuXyJO	yVwnkzYY	tHNyV@example.com	$2a$11$1bcaet70LPw1JYxwERtyVOdpCRhskVXAuvsYp8FHX1SjrvU.5/zwS	\N	2023-06-23	14	2024-08-01
64	20	FyPNMAid	ASaVUURC	eySyO@example.com	$2a$11$5jxlHKD1og6/afzITu5agumeY/7QD81AqZgcXQf215M9Z95aPRFZe	\N	2021-05-03	14	2024-08-01
65	18	jEdScJJu	xmEAIiQd	dDVpW@example.com	$2a$11$EETXIQl9kcIljoA6TO9zq.JBkhyAEYtYwK9IcKRnp3kkFgcYRwJ.y	\N	2019-11-11	14	2024-08-01
67	17	CBIkBjaC	sWmOapfh	MKlXv@example.com	$2a$11$mfKrwFb/TvHlr/eKRv8vQOfMPyEm0c434P9z05l72j06E3PvkDMwq	\N	2018-11-25	20	2024-08-01
69	16	pNnfZMFW	BQrlJYkM	GnMNj@example.com	$2a$11$iQvf4x4IbKn3./fW1sRXZeECHQN2vs6WiZ6PPsn4S3elJeRpGwMeu	\N	2018-06-05	20	2024-08-01
70	8	kRWqwIyj	qaDxJPAn	TmXmQ@example.com	$2a$11$7ISzBLsopYAd2CRbfOb6vehk3IMvGNKH8AeJLw2Qe/jHAODVMfftq	\N	2022-09-23	14	2024-08-01
71	18	ELYuCaAH	vxdwNeNB	CsPGc@example.com	$2a$11$jTgh7DDaAZw9SIEjjmML1eu/wl5om5IOe938PFixyvTinpimTgzBq	\N	2023-08-31	14	2024-08-01
72	9	ZBSNuljO	UXXaZhTC	hTHgz@example.com	$2a$11$0VRer6IK6eb7Z5ir1zRfw.urDhmQ87CtuGNShDNlug.OyY8SSvMAG	\N	2021-08-29	14	2024-08-01
75	11	aFzDDxpB	SQRNcdxe	JAxNS@example.com	$2a$11$penlfAyY2dY6dQprnGBd7.yWYO/gNkwvkNSpzt8wDlkDkJar.6vX2	\N	2021-08-09	14	2024-08-01
76	18	KvdYrtgU	ajwrTcCY	vqSjI@example.com	$2a$11$NiAUDJaFI11kRZWCyo/tWe/3KuOYmHg78rBHpXkan.uG4ecQFD3Ui	\N	2021-01-04	14	2024-08-01
77	5	xlVTqmKP	wfOAaTlh	gVujz@example.com	$2a$11$JHOeAfmFSEjLvQQ4Yrqqy.ylIwtAcBSKMW5h0xTTx/21UL0qCz8S2	\N	2018-08-25	20	2024-08-01
78	10	BGFeBCDT	EGfsGtyR	mebJz@example.com	$2a$11$4bSubVKEFmjrXXvePTbgAOZSXrezW2qWtPfj/rHNV/WOyiDcjuDkq	\N	2022-12-31	14	2024-08-01
79	6	faGFMhBR	rLJhDCDY	jWjVD@example.com	$2a$11$b6dfkl.fAeMvh8KRFdzfHuJEtmq.BpbhzFHmaQkNIiQ7gfgKGfPKa	\N	2023-07-04	14	2024-08-01
81	5	tKHciUsJ	vOPlfmcf	AWVFI@example.com	$2a$11$p3M23vkz7i7NoinZVLgyiOIVHkQOzG0E6SQgVH4E98vL0oDn87tTK	\N	2018-12-29	20	2024-08-01
83	14	BAZtCDVg	bAlbZFfr	FOhGa@example.com	$2a$11$OLxylQlI5/zDvT5k.a/g/eCECQnChkHa3vuEncuXvOvZ3/dNRl5BO	\N	2021-08-29	14	2024-08-01
85	7	WnIuqfQP	RoUGXJNt	cQyqW@example.com	$2a$11$mBd4JsogFFu0rk32J.bU7ek5HMSuPNUyuQxOJH3awhr6c9P9l0ul2	\N	2022-04-15	14	2024-08-01
86	15	HMqQlsOd	LidQPPzW	xDaTm@example.com	$2a$11$d770OMjETnCQudHNqNXmxOMfJX4BETmeKdwHIIPVDzGkj6CWvazCS	\N	2022-02-16	14	2024-08-01
87	8	qlJJaRNG	GnYqfbTc	GVifm@example.com	$2a$11$m0vKhalUHfj1oaQe3Qth3e/OhdBz9LsXY6fieblIITzgRWJ5..Xs6	\N	2021-09-23	14	2024-08-01
88	7	VHLCzyWs	aBSEyNnW	JhtUW@example.com	$2a$11$xFKFj1UFtBrLNdEypNoFQetw.rbAGV/N7x/SfCCLT4YqdlNYWb8Nq	\N	2018-11-24	20	2024-08-01
89	5	GVogbPnl	deuUEkHX	gBrxW@example.com	$2a$11$FypFovMeyt..Lk7OpUAEXuARsJIWHgdiW3wEpWj2VSzZDII5.kvWG	\N	2021-08-09	14	2024-08-01
90	6	uVKEsPsd	pEtjhqVp	LDZiQ@example.com	$2a$11$0EtIZEpfmsGNr6SyeEkX5OpcjoVmqJpzZUKSyJQp4ofa5Daf3Dwua	\N	2019-10-27	14	2024-08-01
91	16	ZJbZHrco	HNUBahUn	gxdel@example.com	$2a$11$pM/IQ1MYCZtDSzCW2cbUiOPT6kcSAZAXmF62wKEtfr/bx05aQC0Hq	\N	2021-06-12	14	2024-08-01
93	20	bJKTKjEk	puQkxbmn	crBVo@example.com	$2a$11$aENZv4atocvvA3KKHZjd0Oc.Toq8f7gcpO.B08UgCNgUNLC2hgG8q	\N	2020-08-24	14	2024-08-01
95	19	jsxBqcgT	MtRRuUnN	kCnzv@example.com	$2a$11$4Rs88d8n8VfTzkPTBvYtveKbJP1YHnDCiD0FsYUVavbT6t9vNnpuq	\N	2020-02-04	14	2024-08-01
96	9	PvzYsYWz	QBzPaJKB	bCPox@example.com	$2a$11$Xsx77cquvtbkoJIXimgwaePG0vher5pM9xbBFqgXFsR9wUhClkk7S	\N	2018-03-25	20	2024-08-01
97	9	WnUKZSBd	dGeJaFNa	zZdXw@example.com	$2a$11$rRHWTaaCmK9b7IUT/LrhRuRWXttQTXBc6CUBzTQeS865o61m5fAI2	\N	2018-04-06	20	2024-08-01
99	11	CwTeAVOI	mgJDFLJe	awRhq@example.com	$2a$11$2c0SNXEtpXNAJg.yO.pCAO8dprqmCq2qeXDIxj94bZz4mdZeG0cg6	\N	2020-11-12	14	2024-08-01
101	14	dbrWiPkm	nMANPAGf	bmpHR@example.com	$2a$11$eVMVTSYv3NxzBF04brl4B.WNLGYv3FRbrMpkllyl69DivUmzB3CYW	\N	2018-10-20	20	2024-08-01
102	5	BxUuIfxK	zIZAFvHC	HlAAK@example.com	$2a$11$THaePtEbwPV3yZGd5Sftq.XlIbtKeCL7fZXStk9XYXREF9w8ci8AO	\N	2018-09-17	20	2024-08-01
104	15	wYrPAZzW	vswVYgCI	JkHtY@example.com	$2a$11$CTflubEZq.yTCmN6zcQsRu9F4E93f0xfFjQNoSnB7aCbUCsZrwd.2	\N	2023-05-10	14	2024-08-01
105	10	QdknMvhu	dLyxgQXB	CpQdL@example.com	$2a$11$UuRYc/qHehebOm1w.LdL2uFklPUYwWgcAdVwnF/RhsfbnBSbUe9we	\N	2022-12-10	14	2024-08-01
106	12	eQCWLMkK	HjCiSQYc	wbdvP@example.com	$2a$11$9e3VHNBxvujlEr8sKR016OcIv6yW4m8QwNbE7AK8WXDtMfLqgOoXi	\N	2022-01-16	14	2024-08-01
108	8	JzfpStbA	EWslXieC	IOZJi@example.com	$2a$11$NdOYKhNx1mDQjG4nbcZL4.xhxq6m6IkcNpY4cNLn4a3.vbkMMjRf6	\N	2023-01-11	14	2024-08-01
109	12	auFeiOQz	eAQbyCPP	kamci@example.com	$2a$11$9uWBqCYzsTP58uU3vOGXN.aue7P4S0hQ8uwyp0nDBNEe.Wzdvh1BG	\N	2020-04-30	14	2024-08-01
110	6	APjxrAnc	WtNnUGRE	QWeQI@example.com	$2a$11$ZGyGH82QmzIuHiPnK0xoDONkJgM8Gme/rDaeUGhFqGGF3MFe6JGmy	\N	2020-05-23	14	2024-08-01
112	9	bXwwdamQ	wSheKXGn	XDOXN@example.com	$2a$11$pP67Z6aDTjRhlnNH6Io8XeeYRKw8f2aUI5f4VNSpQ2mYz.6cMtjm.	\N	2018-04-18	20	2024-08-01
113	9	cTkQaskn	sFmfpKKG	WHicP@example.com	$2a$11$AWoAA.bpGoP3aNyuCvUTCOhBkRAP9nrNUKXryltJHss3c0gf85Amy	\N	2018-10-25	20	2024-08-01
114	18	bJWhUFfB	IzZFwMhg	cfgNe@example.com	$2a$11$rBg2.MdQWb7OCeLLrQMckOA3pk53UusLFTEnlE/cxHNxdijdWLln6	\N	2020-03-11	14	2024-08-01
116	8	viHZELXS	nHYRiSMq	xjnsR@example.com	$2a$11$bHX7aKFf8WXfztcxbyl64.6uRXh.UwvDmmZugY2QgSM5H8nuNM3iS	\N	2023-12-20	14	2024-08-01
117	15	hAjydCIO	oNWriGNM	dXOAe@example.com	$2a$11$njvBHHf0.r4L9dIiQlF9o.xlr9Tl8OILFOI40yPCXqnTd8tmHqu7m	\N	2018-03-30	20	2024-08-01
118	11	QMpbRdkH	UHujYnBd	UgrNv@example.com	$2a$11$ZP5kiUVEaREXkEfOn9dDOOiyv2H45UropiZBMOTgoJIo3J6orB3Lm	\N	2021-09-19	14	2024-08-01
120	12	KrzHrQNQ	PadDlZiL	NjDNL@example.com	$2a$11$y66DXEp3.8LyfLS3anpcE.WliejmaFEhERECev6JS/0y.xWnM/3Sy	\N	2022-03-15	14	2024-08-01
121	11	jnxUGnAY	HoilNGuw	ntrlO@example.com	$2a$11$l5DeYm/lQWavwDaz06Mmte5ArpQRuXGX8HnrnmLhxtdVp/dObkniW	\N	2023-03-22	14	2024-08-01
123	13	wwzlYdap	wfnBbPcr	SuJyN@example.com	$2a$11$XwydMXYDBK7ppd02Vk9mZeVoMq9YjmgyA48/6.w2lstTIgqV76MuG	\N	2021-09-08	14	2024-08-01
124	7	ZzsphPyB	ityARWAb	Ftura@example.com	$2a$11$PUtlbSSMi68Si7mjRBp/v.XVgjPyszMKP61rubvUiNjS4P.DR6ZuO	\N	2021-04-01	14	2024-08-01
125	9	PcSWYNzH	OsoVZQLj	HWoAF@example.com	$2a$11$HxQZxm9u4sa82ThDB0WdnecLMerBBxCARRfRiasZruyKILqpkUBZi	\N	2021-04-05	14	2024-08-01
127	13	dgNIiFTp	tmFqZkbP	eENNu@example.com	$2a$11$FvtjRE1CSdOjtuptTYUP4OvNRUdoVCzU0b74Kdi9WEN9wrxl4RCFO	\N	2020-11-14	14	2024-08-01
128	5	HJZVWpRd	bVTcBdZp	iXfcL@example.com	$2a$11$ythPDboioVLSP0ok9np2GeQdkldfcer23NWEQxubmWNbd8njHlHFe	\N	2019-05-21	14	2024-08-01
129	15	srryjMac	AgVnjktG	xBvdi@example.com	$2a$11$wxQGFp5WMu4CQqhTuNiJ2.yU23ZjK3jfxpbdilEJcjzzUPN4xe/Yy	\N	2020-08-13	14	2024-08-01
131	19	HOfepcBl	VOGlNeiN	vldBV@example.com	$2a$11$pt8fvOVOzAgQceXn.HuMs.afEA0OvHmqPTEtB69qWjiNmVWM.Idqu	\N	2021-07-18	14	2024-08-01
135	16	LfzcWUoK	ncCgncrS	xaRtk@example.com	$2a$11$IsI/hnDaYhkUzvfqhZOwPeRGi7RGMeWtwqhDKJ6bkXDNj04YCo.Ea	\N	2022-05-05	14	2024-08-01
136	6	MmXHgPqJ	pYrRSfOy	DOhZD@example.com	$2a$11$wifllsn0u3W.WlKzR6VC.OXVyWzY794AXoLAOGz5y5j5.CystNTvC	\N	2020-05-24	14	2024-08-01
137	14	wMCPliiD	UcczsJix	wbYil@example.com	$2a$11$Ventmeg4dydLzVV3t3LKsO.cWxxPQHj/idS5eRzpGlY56gc5aCD2i	\N	2019-01-01	14	2024-08-01
138	20	YYJhfJFS	HZHYCbik	phiFu@example.com	$2a$11$E1yQDfH4r3fSmmOhd63BIumNjeXJ1PQZZJWlP9aZTaK3SvYrBh/.W	\N	2019-11-12	14	2024-08-01
139	11	HlgwavzX	JUkQjfup	vPQoU@example.com	$2a$11$aqxUW7YGVpgbirTfjdCxde3cEaIBfqAM7igmWwJ1XlcynSrNILpKO	\N	2022-06-19	14	2024-08-01
140	7	EcFpvqfo	vSNGvsRv	HHGOU@example.com	$2a$11$Mw2psLPzCkFlVjHDUVcCHuYTC6TrH3q8cFKc3CX1kqVNrtZZGvEWW	\N	2020-12-28	14	2024-08-01
141	10	gsXOPIWE	UrDZIOKp	vKhfv@example.com	$2a$11$FCm8WbgBOb0L5UceGZ9v8Op9gv/gdajsNBPLdObjPbXqJLyQJpsgm	\N	2023-02-24	14	2024-08-01
142	18	kaHOCRNX	DjHgrXIW	YNvSV@example.com	$2a$11$r.S0xQ1O7MWdTkukL02cdugIk89J5DzErj96eSHhFDHTuCxmWs2d6	\N	2019-02-27	14	2024-08-01
143	14	qANVVGFq	LXRyvdVW	CPtSy@example.com	$2a$11$NsZXyLxo5k7Wbf.2wIS4mOaiS2WvNCooZabf8TM/I0QXwz7dQtb4C	\N	2020-05-27	14	2024-08-01
144	15	YbXqfQiH	QZlsnkpZ	IeNDq@example.com	$2a$11$yt.MVRwa4OQRFCg.UVJFruZqBN6dPGEma5pauoNV.1UdMmNPP0Rri	\N	2021-02-14	14	2024-08-01
145	19	gIHXwxcb	EwIpzaAK	iwvxg@example.com	$2a$11$TWIxhOLjxJpKdnAQYQ2Ra.YiNN5VtaSfdIZK2xe2iNdSV6UL5zQW.	\N	2021-04-10	14	2024-08-01
146	8	cRvXuHib	bxXERDUh	tawSX@example.com	$2a$11$upgHyGQYIcFBadVcc8tpOuTr1PmG4B67C1bxGd9mL3TSwfS2uJqGO	\N	2021-08-02	14	2024-08-01
147	16	YlMDJSMQ	emaGUJnN	eZcRb@example.com	$2a$11$ZIFQKGQsa0Gfo.9DPht5mOJWF/hJtaKlCPF0LqrtqN8ObnZpK99O.	\N	2018-11-25	20	2024-08-01
148	12	IoaybVRH	LCYrMuTI	kmYia@example.com	$2a$11$RsGgMiPuIzFTdwC8Q8On2uJmkrK.SkjSjhXjR.K.JCDP9.XawPQjK	\N	2018-11-03	20	2024-08-01
149	17	eIRpdiEI	VZbMTjkB	bxIfC@example.com	$2a$11$aIiLlRPvwkoh1IUtz..zLOC0zGTdgLvo5W3gqN58a72zkcZtAwbVO	\N	2020-04-27	14	2024-08-01
150	17	qhqeDbpI	JmlfCwav	LYYLf@example.com	$2a$11$RwhZuxQN/5XN3trW/Pjq5epSv/NVmF3/Fj8pqIjAVto.OTx2bSniO	\N	2023-11-19	14	2024-08-01
151	10	MYCZHizp	uhiiOkCD	PjYJu@example.com	$2a$11$dA5w4fiJE2QTVO8AHvxFGu0M8hy3Qg86GjLHyQIQ9BeqSYSB//yrC	\N	2022-07-25	14	2024-08-01
152	17	zXNLmugD	bSkRzNZC	DdyeQ@example.com	$2a$11$bH7sv2vmRE0jMzYLWWO7I.d1Qn40V4G8dzZc.ZDqzT2pD.FdyIPx2	\N	2021-01-04	14	2024-08-01
153	12	gZEKeEpd	zYKASITZ	iRlJK@example.com	$2a$11$1WiDosGn3fx17aGQ1MqRk.XQde4loC4mV9YzO/befrFQus03oK.Ee	\N	2022-07-02	14	2024-08-01
154	17	DByDzgRi	CMUdQyOw	fDsUr@example.com	$2a$11$SnXEdlC5awF7aRiAL0cFOeK.hxLZ/d4fcrrwLQDNmejvtpf3M/KsS	\N	2020-01-15	14	2024-08-01
155	9	fThjxjsA	MMGKTyIp	SXUmt@example.com	$2a$11$a.6df1UcSP2sLzSuPFJLpO1ZNdMFCgrUad5cCJGwILYqOxOEqeeMK	\N	2023-12-24	14	2024-08-01
156	12	ocmOpixb	vgDEgYik	RaSfu@example.com	$2a$11$1aQzL7WpVWEbOD6SLAeJvOSzpE878aW5GDoZUO7wylbcTJEmuax3.	\N	2019-07-03	14	2024-08-01
157	18	FRhWShPS	KjkIytba	YcMXt@example.com	$2a$11$luPh0XrZJsT4Kbp/Tzqi3Oh2gUMCd/tcYWQ27vaOsoxcd7ZfjlJSG	\N	2021-12-11	14	2024-08-01
158	19	MhISewdf	EkAyhENE	wcGkg@example.com	$2a$11$TJNZgy.2YErXtySp7gBEE.f7Kyd1bH0tiNTJjoRo3uq8ybA01k2YK	\N	2022-11-28	14	2024-08-01
159	8	KnIPSSLq	fHtxdHPa	uNBQe@example.com	$2a$11$Gyq4OfuyxAd..zvjvh/EJe7BsTBeFo8RuHmElR.Ux0weLOOqw.WRW	\N	2021-12-28	14	2024-08-01
160	18	MGBObtEP	IoWGZNOl	CLppr@example.com	$2a$11$DI3OTIfseThRmca9eRS8kewOE.2hS4Ue7lRqtjXUS/DalnIYuo0j.	\N	2022-08-05	14	2024-08-01
161	19	KPnOLDmG	ieBLrqjp	jLQTM@example.com	$2a$11$unZC2/J0JCcmDAQvW.Qnf.6mz8HgAi2MGBZZgcL8u7JObH2oypswa	\N	2021-12-28	14	2024-08-01
162	19	YUxkbcLp	reHgrfsU	VDhbK@example.com	$2a$11$NJafwrO2u25ASZvjyP99OunhNgk5Y4O5Nxzobc.RmWN/3Y5uZLa9.	\N	2022-08-30	14	2024-08-01
163	15	DbDQYWhU	zDkCbNvD	bBsKt@example.com	$2a$11$30XbR/iit1FoWdG8880NQOKXtg9E54w5vVlBHwaWOi2aqIq6P.BZG	\N	2019-04-14	14	2024-08-01
164	13	FIVRQrrh	HIypZTXu	EsvKf@example.com	$2a$11$YwZI1p/yAE01SBsWAugmveAK2TubKzAF4X.SVJnZ2VkdWD.LJfv3O	\N	2018-12-13	20	2024-08-01
165	19	orGGxzep	ETdbcInL	tmyuO@example.com	$2a$11$gKsuFrbIlzzulDBnmOqKbO6kpN7Mao48W6m1hWwIi7ybEbZ2uztpq	\N	2023-12-09	14	2024-08-01
166	9	jeIctKvo	eMwGnWql	sBGdE@example.com	$2a$11$STFyAB7awMk0EM0bsSz2cOlOEOQhh3kOzIf9j4dX.SiKbFQtq6/fu	\N	2019-05-02	14	2024-08-01
167	5	gKQqfqtG	DcTKVWCJ	eJbuW@example.com	$2a$11$ITZ9N9RZdloG5b0C2PcJ7emDc/vEcGh8N6bhd9Fz2R2w4Sle9SYlu	\N	2019-06-07	14	2024-08-01
168	20	klxIPUPV	rxdnvLfC	kWyza@example.com	$2a$11$hntqoobRcCJIL6YsD7Z0/efxD.g5/T2TS3lWSPbjU/LiCwv1TNuL6	\N	2022-08-18	14	2024-08-01
169	18	DsHknTyA	GnoFOWvj	lOMfm@example.com	$2a$11$jqerwmLV7PWM3ewCB8dVCuvaT//B2wxfPbiT3VwFTXJo274x2rZki	\N	2022-01-30	14	2024-08-01
170	9	xZeBsvcL	LNpKxlIc	pytPY@example.com	$2a$11$d44ZrwmS.CFSitDCyNL5LOzORnfNQ7zLD9z5EKJbfLLck9QikOetS	\N	2023-07-28	14	2024-08-01
171	8	kFLCZvuf	lQuYOBlm	lToTM@example.com	$2a$11$hChRHPBxYQsmTeo1Q/yKq.ENcHDxsaB9wj8luGgGjHAuF8QRNhZiy	\N	2019-10-16	14	2024-08-01
172	16	ajTwtyyx	MDwhiocO	dCryi@example.com	$2a$11$zvnIikPXo8WK86yw7K9H2uMuDe0Ql6Up9NQM2MlPTE9qBddMbGmLK	\N	2018-03-04	20	2024-08-01
173	11	qgkmwLlU	JdSoSPDX	BznkZ@example.com	$2a$11$BnARvSLw1QAFvgifYA3GAOFDVs6/wTfgmhuEEsKE5XtQv5SYoZLo2	\N	2021-03-09	14	2024-08-01
174	14	VmaozBpz	fYwFrPCg	FuerC@example.com	$2a$11$XO8SEp8VesIZSYCzW1saeeu56NhPkARNRdT5tITo3w9vU7MG/0Ypq	\N	2019-01-22	14	2024-08-01
175	13	tQQjVAki	wMBolYhj	fcnSC@example.com	$2a$11$KicMjyAnm6OwXbqtUDJ3xe3fegd6SgmxTnx2u7c4vjuGpxLx6lzMa	\N	2023-06-23	14	2024-08-01
176	17	aWwPfShd	rbjWYqJy	jArDn@example.com	$2a$11$VToBY.aiQ8eRaIlOdmcZKu.bTRAvpX9v4SthOs.DH1hS1PdDiIu5G	\N	2019-01-30	14	2024-08-01
177	10	FsIvDGCo	BQPWqvvL	ENmWt@example.com	$2a$11$QYIhkRjnh/Lorosv3bElp.Oqfxot84KGQUwn7e/3AHPfmLhVgvVSa	\N	2021-10-28	14	2024-08-01
178	9	vqutapXg	ysEUurGu	xJoSD@example.com	$2a$11$3qSRRazv7b1VpxQQWvCeYe5HDo7uWiIyn8hkmplKyVzJX9vfSUkkm	\N	2019-06-16	14	2024-08-01
179	13	CRDunigB	KXkniBWX	wArTr@example.com	$2a$11$lHDUBQZcmGpc4NVzOY6uC.F1lplBLaVM2SnCfFNTRxGamg4Rn3KuO	\N	2023-03-25	14	2024-08-01
180	5	wxILYwfG	wvBdZyMz	AyVjE@example.com	$2a$11$U.GV2qp7JXVApRB7WShWBOsHkkY1FA7tFCm31TlwvuL6JxUszjNL.	\N	2021-08-11	14	2024-08-01
181	19	UjIaAstU	JEtbLVtm	euTfC@example.com	$2a$11$X6.NWBXeOZSdZ5nmV7cj7OdhAK91J63I/L7FJ9Jggtn2Uz06CtI8y	\N	2019-08-31	14	2024-08-01
182	15	vIflWzTe	Wqtjoxei	VTSpT@example.com	$2a$11$Dz46lE3.Pz.Nx.e5XCAUTOPGOG8uW6.TiRdbYBlCeU0LVe/cyIlL2	\N	2020-12-11	14	2024-08-01
183	8	OBENGdmV	sXcjmVjF	aiRjN@example.com	$2a$11$jo0WYR55wnY00YlCv6QlDOoeKBxyFWoSOVDFRrh2ugCOxVKlVt9PO	\N	2021-03-12	14	2024-08-01
184	19	NswcwtgA	lNTNkivI	Tqwhi@example.com	$2a$11$oLuGMixGpbRoXXyoXo1O6uFFWdTzbwCQtuiPf7hW8O3m2bXcNIo5y	\N	2021-02-04	14	2024-08-01
185	11	WIGmzKHp	jOPSZDua	XEpou@example.com	$2a$11$mLNPtodPHBKuZPTGafhUouuv5R2o4jUy0OgI5u8JtBif2wwralS9S	\N	2020-12-05	14	2024-08-01
186	10	vtfIvqJV	EGThGhad	kcowJ@example.com	$2a$11$bC.Xp3tYj1MmPrx1dgmWWOji5WMRYg8DAS1CgJ.XukE3uf65qmM5i	\N	2023-06-24	14	2024-08-01
187	13	hSfwRZoP	ZZBgWSqm	RiTAb@example.com	$2a$11$JJcmYOD6LYDm7ozltadoeOOrQeaHzuO/DM0SCCvO6wyHSTcD11PjC	\N	2022-03-29	14	2024-08-01
188	12	YRRjlFou	hXIxBmuK	tytYt@example.com	$2a$11$FibAD6V6/Ah3T8z6ZlVuhudSsofJ.BcOL8gONF/O7nLi9aF/IAqWG	\N	2021-01-11	14	2024-08-01
189	13	YQJGtuKO	bzkMJVhk	zmFWJ@example.com	$2a$11$fPSrIdSTfy01ktFSCqpxJeNtYrgi2LIU3lmhhMR.UZToqH.AEFtQu	\N	2020-03-25	14	2024-08-01
190	10	IAnSSPgJ	iPcxuCwe	yFohW@example.com	$2a$11$F0Iig5bGEE2cc1AckfWdAOk5CXMHZ.UpE6/WZSpjAJPp3aaRp531S	\N	2023-08-12	14	2024-08-01
191	19	vfrtTKJm	VjJLRLrM	cMzsX@example.com	$2a$11$A258FavCXpqKFOyzODzdRuBvuYLGcTkKcm20LZu1rm3AaQ2.fjW2.	\N	2023-08-19	14	2024-08-01
192	20	PVotMdkX	VvAbuVEL	nASTP@example.com	$2a$11$.4mPcBo0k7BPEeTV62LaPOv/NTj1u/z49WiHoCo0Wts8IIQwpWJTW	\N	2020-04-03	14	2024-08-01
193	20	FjizSEfh	NMyKLqnm	QZCIz@example.com	$2a$11$SsbWGIR0mRvKdiiPuzhKUOEhlb9oLM.fqjMlWyknEJhj3MYUIEuo.	\N	2022-02-03	14	2024-08-01
194	16	HoOzBgRY	QIeCHfsJ	VXwss@example.com	$2a$11$eJ1mSii4Ekx/O0TEd6VnEOnIIXH3Oovtx5ZWe4k.8fspnptEfgMFS	\N	2019-04-21	14	2024-08-01
195	16	zWroSPGK	vPwYvdMQ	luVpj@example.com	$2a$11$pxEiQ07h2TVuWGOf43qeU.IznOCL7.JSS5IfmpfUdc1RwCivostLe	\N	2022-01-20	14	2024-08-01
196	8	uyCPRKfC	kMJcefGG	zICjS@example.com	$2a$11$SBPQcnxNsW4mNPObeWc1AuxYWojsdeSH7k32Zrq11qJ87pFM.wlTa	\N	2019-02-03	14	2024-08-01
197	16	nuSpwGKQ	vmoxiWqx	emeOO@example.com	$2a$11$91iqVapuA0b/PMfzVPPAUeqV1sKvx8ScVvbRDhD.kqeb7v2fefVS2	\N	2020-05-12	14	2024-08-01
198	5	rMCSouxj	Aklpvpzv	hBdem@example.com	$2a$11$Bi697VxtrABlzAoRX/uGbOhTJX0.Vy92YPX09p0Z2Q/0AVQUjWGTK	\N	2018-09-23	20	2024-08-01
199	5	ahnVmXGN	ZqfqMDAh	YZqtG@example.com	$2a$11$8YhArynnb0sSRgdGGBtY6OsdBM0KLIMrikT2aDQFHBdqp7tLAJS52	\N	2020-09-14	14	2024-08-01
200	16	dWaxSrMY	SzKOKrMH	hKsJI@example.com	$2a$11$OcMmg0mc2jLhuTCaM2ZlZOl09n/H80OaukWe5VZgkndi4g8EEaSdS	\N	2019-05-21	14	2024-08-01
201	16	TFpnULdE	jpEUFxEx	fenmW@example.com	$2a$11$YVPa9Rrzg7LI3z1LumfrGenAxMPW9ywfdT3FH5wY8viSd79dPftIK	\N	2018-01-22	20	2024-08-01
202	7	xSRvwhpe	mdLGsjmZ	FpiWR@example.com	$2a$11$4hxntx2HHOGI5.wNVabmQ.5B0kNxv/d9b/Q.dgl8q/.Knj9ov.Knu	\N	2018-08-06	20	2024-08-01
203	6	NBCGeXMi	OvnjNOPf	WcsFe@example.com	$2a$11$a2bvtCnBR46NGUyt2kSCheMAsk5TP1rEIe6is5sb/8a0GPRN4tyFu	\N	2019-03-19	14	2024-08-01
204	7	bvEgYNux	DtfSEZey	WUFbF@example.com	$2a$11$i7A9QV4GPZHtxzfliFDOW.J1dRS9af4P72fbSdUpMSTZIjFgHI7KW	\N	2023-05-23	14	2024-08-01
205	13	LXiRlgoq	nFACHugo	rmVwI@example.com	$2a$11$EyvUI2HqXfR21jSYvBVd9e/Ui7cdvGDMoDvitt1HQ6IrwENW7oFHu	\N	2020-03-11	14	2024-08-01
206	12	vrwBrkER	qPuYUTrD	kjWGP@example.com	$2a$11$Jr.5GKq47nH57eRAtO01reGiSd0rWAEeSRFgs1pexSJyuxHnpOX.S	\N	2021-05-01	14	2024-08-01
207	5	qgICbfXU	DUDgZgvj	aAVqH@example.com	$2a$11$mKjYIZmr0TrVSA2iJ3pd4.fqlZ4hWUvFFV9YvrhwSIJDrRh.KBk3O	\N	2020-03-27	14	2024-08-01
208	15	VlWKuTqF	kmVtdaYv	jwOev@example.com	$2a$11$bj4cCtRtq4MJWHrp2yYx9eF8ZSqFDH5yQHSNJVx3XMYaP.dE.IFT6	\N	2018-03-09	20	2024-08-01
209	12	WnLSVqkg	jPeTBSVu	cBOPY@example.com	$2a$11$.fn81GGuxx48YutKuI5hGen80Q4RLqowh1pZgM5iYgaACT1efsfNe	\N	2018-04-23	20	2024-08-01
210	17	XVuznVWI	UhjhffOF	YgOic@example.com	$2a$11$kXPrS4f7/gBbW4BtIzdCz./SOoN4oVqH1.eep/z9oCMcDgW4qIHD.	\N	2021-11-08	14	2024-08-01
211	14	ldaESBPK	VPTjVVZt	GPShh@example.com	$2a$11$zlmxD3ZAg5nxl0LK6DBoNuhbbdf/fVEJQtHTfrihUFC99Ssv/Hnbe	\N	2023-07-13	14	2024-08-01
212	17	fVRMpiXt	GSNXnUUA	zhHoF@example.com	$2a$11$rDeDlZNmP/yTgetL5jwDcecqa/uwW0dNaNiNeS94ksAhw/tgZiV3O	\N	2020-09-21	14	2024-08-01
213	5	kewqCSxy	ULMJpEFh	UyqTj@example.com	$2a$11$jsdEduHaattnAR9cRc7HBO9RpkzrPVNZO6yEuYQ9pYYVZRqHQ89s2	\N	2023-04-21	14	2024-08-01
214	5	aUfDmTuT	OdzpxyVD	GigZj@example.com	$2a$11$1TWak2d4xZ8uG2cebyNYouw3vCcorVoenL2qGJ/fBKfKbPPOI8v.m	\N	2021-03-20	14	2024-08-01
215	18	AGiTSyUC	FsHHaNEl	mdCIh@example.com	$2a$11$G48hNLgMOGgR4G5lAvNuje9Fbshtqzn3iq9MnixdgU2IRBSR6I7Lu	\N	2018-03-12	20	2024-08-01
216	18	hQoIqppW	yemiSmDH	AwDAB@example.com	$2a$11$49iO6EEbD.szEWZs7Z/iw.EKs6FWJXl9VopDEHNPDJvxlJXuDfk8i	\N	2020-03-08	14	2024-08-01
217	18	vHUvSuks	TtkopQLY	qpiCI@example.com	$2a$11$5lGQICSuJddW..kqD8Mi6eog5QWoq86XMQZ28aOpCq2BISbDKGCIq	\N	2023-02-17	14	2024-08-01
218	7	KUxlzTxU	BzIJHArO	HSAmw@example.com	$2a$11$GGwE5KaDssPEg02vF35fduls.cFs3f/HACBAjWb795iRuGDZpw2Jq	\N	2023-03-02	14	2024-08-01
219	14	vhgGhKVn	oqqWdXdD	fNtyT@example.com	$2a$11$t13JGAPcD/fEq3MlvCkGMu5ZQbobULh4WE38SdTZm9f0AmAg.EQlm	\N	2020-09-15	14	2024-08-01
220	8	DroqAWkX	yydBkwcy	gdSlz@example.com	$2a$11$hiBUdU7F0J.MPC1os.wjd.Gh.1K866mmuv8fZbnQzQb9ildLOb7mi	\N	2020-03-15	14	2024-08-01
221	19	fRhvlMsY	GpKIndty	nhETs@example.com	$2a$11$2IOVLN7nWt0jCGbV/GwGx.6hinE8XNzuTNRFv9VSXt5K/W.afMrRG	\N	2019-03-05	14	2024-08-01
222	6	tUViTVGD	JAtUuUex	YeVmJ@example.com	$2a$11$WTfU12U5TpFWOn4wgw04l.j/WtKssuKk/5Q6nnm1Wfpc11xVHccBO	\N	2021-06-08	14	2024-08-01
223	10	yvPENBbs	KxIqtdTZ	VOfAE@example.com	$2a$11$9ZzgmT7pRk10qqD677pyr.vc/sJt/HN66aFZ.SqHy08ow04xMYK/.	\N	2023-06-25	14	2024-08-01
224	8	kpwRfrGy	MYhSKWrb	qWutt@example.com	$2a$11$byGrxmOa7V/SQWCaUm5r2eE1q5SvDtFl7EAvqABY/tO5aDky24XWG	\N	2020-08-28	14	2024-08-01
225	13	tRdRVAlC	FFouAgFn	jYFqw@example.com	$2a$11$FJllkAiovBcDAaz/WmJXHuHjVnR5vmBH/IsKgFq1CO2LI9D5/AjwC	\N	2021-10-26	14	2024-08-01
226	15	rkEiwGlA	NXxqOhPb	hYZBK@example.com	$2a$11$dwSEpaC4Am3SPsdmdvSkretZKA2dPRGiPkIthRbBDVvKgwZo7JOb6	\N	2020-03-12	14	2024-08-01
227	13	dWohRTkA	hlDYLUwP	IsqMV@example.com	$2a$11$ondq/6hqmNTd26bswwdzhOe4O5kXQMC9043FrQgh18PeC73GdBERO	\N	2019-01-17	14	2024-08-01
228	8	MwtYcrKx	EwrEKyeR	iTLCu@example.com	$2a$11$uhddLwEuIQMy8YSahZt.aOuo0RsmaKq.nzRKxNXhcEoz3G8Sk1yU6	\N	2022-07-01	14	2024-08-01
229	17	mnWbvXTy	nBqIRwJI	DoPgb@example.com	$2a$11$UnTem/ZCjGkg5rYwmtdhNe2u.QsVrYls475VFZwHmHl8tItzqp5kW	\N	2022-03-10	14	2024-08-01
230	10	CPxemdWf	gvsAMbom	KErSv@example.com	$2a$11$n1Wo24VWXZ0XiWROurPod.mJeB2hYno/mPF8b/5oBMzH07HkOvpM2	\N	2022-06-14	14	2024-08-01
231	14	LFjqJRaZ	KpfrLpWw	AbEuH@example.com	$2a$11$C/oGTxa.AAsUtIOGzk3BU.tPhbUuSfgwqn/4RQwPcI08l1BM7rrri	\N	2018-06-01	20	2024-08-01
232	6	MicOKjHx	gojubaFg	MWtVb@example.com	$2a$11$8NBx5nCnbB5.oOyf6TMQV.aAX7l8FIB.cw1oKAjfRw0kjE5/yvyD6	\N	2019-09-23	14	2024-08-01
233	13	jrrXiKTJ	rjobuwGe	POjdQ@example.com	$2a$11$C1RDgMzzeRb4nt/a8TcnqerYCl155ZDvoK3660.LQjVL0CzRBYBTa	\N	2020-08-16	14	2024-08-01
234	7	uGQyAnvL	CfQnRcKd	bqxNc@example.com	$2a$11$WgjOJfZft97QtjSpcvk7pOfGUDDnx4DyNDJQ4IWz1TSJIFroiH/02	\N	2022-04-18	14	2024-08-01
235	16	XwuRgLjL	EUtKyNSN	kHMsa@example.com	$2a$11$h5uDvffD/iEbvS89T1UMUupQkMED.K2S3xbSg5TbKmv4w.K5LY6Yi	\N	2022-06-22	14	2024-08-01
236	5	rbcabJSk	rDhrpEKj	xcRWR@example.com	$2a$11$WgVK5GlKTBIEXzBrZKgD8.LRg/S5io.oa757AXPRWqy6B1KeHjJOC	\N	2018-11-04	20	2024-08-01
237	15	XUwhpyxi	LtRpwuSa	WiuAc@example.com	$2a$11$O0nXuz4aepqld5.NBpnkoe5HP3/esI8koTV.WwhKKWMoiBM.Ant92	\N	2021-04-20	14	2024-08-01
238	7	JjVYWjsK	KiztBXMb	DgQSo@example.com	$2a$11$v2tiUHodMhB/Q.FxaiZOquyxN.8Gqt8LoxEhcTg8QwgLF/p8vq2pS	\N	2020-09-18	14	2024-08-01
239	14	WqiDhema	xZdoxHfQ	SYDdu@example.com	$2a$11$KORLtdaHj1Kw/rIZ6SV5c.qTWh00PW3ZTZNL6GX.yIfrpToCNYhVW	\N	2021-10-09	14	2024-08-01
240	17	aIHCFrSz	jdWzxlPQ	nFBoB@example.com	$2a$11$Ns6RSSclIfvlVBQeTLuENODtens8CM2K8TPZPyftmp8qJPV55DkMG	\N	2023-08-29	14	2024-08-01
241	17	zTsbcqTP	WfrgcoVo	HXFuL@example.com	$2a$11$PP5SVIV5UcJponbJrzO8u.LKM/2UMh3KO80KKd5S5GqeVVuoZYh6y	\N	2019-10-06	14	2024-08-01
242	16	uxXmHBjt	LpXVCOhw	ABEWM@example.com	$2a$11$90KACZtrKQsDMlVMlyVqJewrmXsVps42ulcdv/4qZDtv5AxrE72T6	\N	2023-01-16	14	2024-08-01
243	8	eZDgBvEi	jiqqHZKA	LtQhn@example.com	$2a$11$g7zyzE7eHZ6Q1M5mXZLKQ.Zm4jnKor8EzZFt.OjRpYRhrPDZ8MgLy	\N	2019-04-21	14	2024-08-01
244	15	lvHtnSeE	fjDvgPau	ovpZg@example.com	$2a$11$RavJXxcG2xs2pYlulxxtaOUsS4jsEjDCTfSbUYXa13e/CY.XM2nt.	\N	2023-09-17	14	2024-08-01
245	15	ZFXQRxAo	JYWjeAUk	owbyv@example.com	$2a$11$XpKpIO5NCQ9KBFZ0si7WOO7Yj5oZi1OwdTESjrtdpgOEBMYjuCZ7O	\N	2021-10-14	14	2024-08-01
246	18	UpPpmCBn	xmBOTgvJ	ZfhGr@example.com	$2a$11$JK/hGNyZNdCatmSLiUMyDeHzPY8Oj4t23guJ2wUKDiSJJCIPtFBWS	\N	2023-02-17	14	2024-08-01
247	11	fXvcDAML	inxveXKt	jyQBz@example.com	$2a$11$pP4wnj/bEBy4pFOQUi2h1.cgNYXHD4wkzXEib58JfN7Qv.Ri6g7VS	\N	2019-06-23	14	2024-08-01
248	19	xDNIUMNF	TZiCTbtZ	lqFRw@example.com	$2a$11$9Lc4XrTnTS22PHvHX.uTGOeckFPBHYjFmv67jdFal7zwe/4iiKwt.	\N	2019-02-08	14	2024-08-01
249	18	KMCzmgGu	RBSQNzXg	lKjgZ@example.com	$2a$11$LU60Qkeo137359gQj.wX1eUXARXwoETLgjY9hLIO8FQO6QabZdgXe	\N	2023-04-10	14	2024-08-01
250	11	yPnMxOQK	cYAyLlSN	HgDUV@example.com	$2a$11$jE5Fat2bO79WG8aK4HNqpOQ/vngmtxlsltZh/ifttPP2BVsva7oZK	\N	2022-01-13	14	2024-08-01
251	9	pyRXfWoH	tlAFtdNG	FpIOM@example.com	$2a$11$ygOK686xjnSC7mcA.cvckeML2Uz7knWPLUwtXgS0zS7aKNSk2hZtm	\N	2019-03-13	14	2024-08-01
252	12	PeCQQDDr	qqneuHoT	kgkgP@example.com	$2a$11$BzOWruZs3kSoSeseZRkYguW7GkJOwbdQT7M0XYHo3hUxJNd1Bi3Sy	\N	2021-06-14	14	2024-08-01
253	18	mLuHZhvD	WAOFeekW	ayPUZ@example.com	$2a$11$.SvfX4d2Gwa8PGCnBivwfOz9VyMFSY5eByQKjIDymdxyrXBj11UK.	\N	2019-10-11	14	2024-08-01
254	15	euKGTLgf	nRsaafrC	zzFZp@example.com	$2a$11$FYWLZqYaKQMl.I6Hrd/Dk.sjkwalObTXUZJ1S7NxtpskX9LyEPc0W	\N	2019-02-21	14	2024-08-01
255	19	lbhfxipI	lcffPyWp	TgPUr@example.com	$2a$11$fdguDzKipPViwNRV7l9Q7.o2i9dvKNkACTigWxGFHjsbYra/y.pLW	\N	2019-05-04	14	2024-08-01
256	13	SRAdngrS	YTeRQfXa	Tmgwj@example.com	$2a$11$7K9PidcsC9y/nMufzvTAgOFfVYrV2Fc.jFPCAXKH7ABZ3bu8Q2UQO	\N	2019-11-21	14	2024-08-01
257	6	yGHIvdNb	qBdmdGES	DvBRc@example.com	$2a$11$n4toGpEdTnKsFX63txO46.fSjs6gwX8ktABFYDYAz4hj0gmKIsKem	\N	2018-09-26	20	2024-08-01
258	8	uthPQbqh	CfYwKdOx	hNysl@example.com	$2a$11$36BP5ucpbPD..FHGUUsfBuacmZMsMxcBO6ZaLOhaDTWv2B2jpblHS	\N	2021-01-28	14	2024-08-01
259	16	YgxtqGZh	IcVxFvkH	pBEgC@example.com	$2a$11$km4RuJXOmyDK0JWf7WrlpeudULzJSqg8uQB03/qbqsSdgebd4GnVe	\N	2023-06-08	14	2024-08-01
260	14	suqtETsc	hTbTvYIz	anGKe@example.com	$2a$11$i8MIhjoOldeSr/antdmlc.h3eSJ0WNqtkHylKaUph50k4uvFRaSGO	\N	2020-04-23	14	2024-08-01
261	15	dbrujGqi	WlMIVKsc	sKJqs@example.com	$2a$11$.P2rzpv.xdt2uKYKPWoJee/0/ClfDMU6Zt3mg/u34JWOXaxSAgYYC	\N	2018-11-29	20	2024-08-01
262	12	BBerKOkw	dwfnWAwh	sqUWe@example.com	$2a$11$EJ/OwtrMy2Alb1R9uz38q.2dsU9xrSGbf3EoZXnDnVWp5NKx9k/vG	\N	2023-05-04	14	2024-08-01
263	7	hPmBdWjo	KkWbVjbL	qykGv@example.com	$2a$11$MWkNnAVpo8aBgFSFp614b.Pjc1WrPHjnL5qBXhY0O2oGIfcZMeCXG	\N	2018-02-08	20	2024-08-01
264	17	FMXKCKuT	KYUXWkdW	zKlkr@example.com	$2a$11$fPA5vaiyv1.ei6HjBfBS7OASEsbSy1sSSPkcv2YaIzudP9k3DDdbS	\N	2021-07-23	14	2024-08-01
265	16	tHxlpGPl	HUbExYrU	xHanI@example.com	$2a$11$27pDB40ryYIADYKdAYzbFuS2uoM9TlhbdLqob4ZT3yUSKWBkf61kK	\N	2020-08-02	14	2024-08-01
266	20	bLAkxnZu	MwSCChen	rfJJJ@example.com	$2a$11$.eVke6Ayr/.VeAV2cPErKOAEVVjduJ5X2sCM9vknEj11J0sjKGN0m	\N	2020-10-18	14	2024-08-01
267	9	YFyuSFSg	SUxChOKL	VNazy@example.com	$2a$11$Kc/AgkAhaHWpOO.KGIwiH.EmUD5C21WdNq4MO31SNOeScN8FfJTLu	\N	2021-08-28	14	2024-08-01
268	7	HkPMMRQs	tawdEQkX	ixCai@example.com	$2a$11$7KAn1OFn6tmteDxy3frg5uhcbSz36C5Jb23PZMB6N1/ym140Q36ly	\N	2018-09-12	20	2024-08-01
269	11	noZQfuAB	kNtvVamU	nzjNX@example.com	$2a$11$lT89tx0xWPjmt0oYFjWEDuQb0MPA85AhCRJd7HkmoA/VUxvtpG7lq	\N	2020-11-15	14	2024-08-01
271	16	SdZVqPuV	GNduQCeR	iwMYH@example.com	$2a$11$b02GkFWsMBKFIZJu1lO9jO83nM0jTNCUt3YACsr1gNjcQcwQ7W/dy	\N	2019-04-25	14	2024-08-01
273	18	dkOVgEji	dSepDhEe	kQzWv@example.com	$2a$11$rN0czpcVYjXCILLRu75Uq.NOPb.X8K3yYSKoEX8SjACJ1JlQZ2n/m	\N	2021-07-04	14	2024-08-01
275	8	xTmmrheV	TotoiBZS	HyyMO@example.com	$2a$11$Q6QvN3FJUf64z0Qeg5qZnOVwuoqpTSF227j1U87zyWRiEc.AXN3Wi	\N	2021-01-12	14	2024-08-01
277	17	tguFyoFZ	MaiuPXSN	gOKuf@example.com	$2a$11$ZdvEqL4Js/q1vhnwfesgqu2YvkoxO8HCdv5owXOnVeZZoYgwo3ybC	\N	2020-04-13	14	2024-08-01
279	10	wybLbyNb	JDVPQmrW	bOhDi@example.com	$2a$11$oHYJGab3oYIrvfwIh.tN4eCI4nbAoVW5Y5A65Dw6zkXz2lr3BqZuu	\N	2018-11-23	20	2024-08-01
281	10	nKGkBhuZ	jsgmEEWw	cmesA@example.com	$2a$11$NLfGbTbYAayRB3VbqUOIcOPL4HTiAVFSwQ9rvPQm6Tw2HI21PHCGG	\N	2021-11-12	14	2024-08-01
283	19	DoVEuYug	wnXwarcd	Pfiqa@example.com	$2a$11$xhTw9horkTk5vJzQ1OEOYeoxi7yIdXV3pYWQTqs8cBLyRsfBfQ66a	\N	2022-08-28	14	2024-08-01
285	15	uBgxRJlP	nidGntbv	IjOFS@example.com	$2a$11$I3sQzf5YOQ3IxPUS1u4rN.23tjrNJfhV0Fu1wWuw4tRxdi0STwW1C	\N	2021-06-10	14	2024-08-01
287	19	cfaJQwZJ	jYxMJhVM	takAm@example.com	$2a$11$8pnT0jzoGn6owrLzCEB3VOOwcQKfgB9/AdUBaDXv8sk5nvfrnS8ky	\N	2021-02-12	14	2024-08-01
289	13	zgBKZEdA	AmriwAfm	xlDnO@example.com	$2a$11$1trfZ85P2HCHckOlsJ1wLejLuRsVke6Bth3faU7u8ImdbNPPe/mSy	\N	2019-07-29	14	2024-08-01
291	19	aKJgkzWn	qCGnJfSJ	VhRIZ@example.com	$2a$11$0variJrtNM3i1uAEXYU/.ewROdDQ8Dd/hw4xCL4/C6w.lO3uBWfyS	\N	2023-01-10	14	2024-08-01
293	8	LdBMjrgr	EDrxFGxy	XRiLX@example.com	$2a$11$a9mPTq7.8p1MDr8QTT2m9.zCvZ1tKLv6HQh1qryIgeonWrlh7UjPq	\N	2018-05-19	20	2024-08-01
295	15	BymQaIbB	oszjqEDo	oXkjR@example.com	$2a$11$KB7U9M0bLY564Xli0/qBvuLkl88EPFWlthAcQErZ3s0W8NIK5Flu.	\N	2019-12-14	14	2024-08-01
297	14	oHwQinJE	NAzavEdB	UCifD@example.com	$2a$11$8eiVHU5xSmU39sPZ5kMXVOxdMK6.DHi7CoTzLWPMhrLeky5Y0hivK	\N	2018-01-25	20	2024-08-01
299	5	bxUvwlqf	OqktnMQl	Eymoy@example.com	$2a$11$ewqg7XT4qV1NlvFL/g5iZuX4m4P5mwe4eiGGm8A1p03DcIwPwFH5u	\N	2021-09-19	14	2024-08-01
301	18	QJhjtEuK	EVFjkxGG	phaLv@example.com	$2a$11$XmGwvc7JB1PJduonH87ptunPDWUs/C7DVZxfJ8qwd2lDJktjDNwsu	\N	2018-11-27	20	2024-08-01
303	12	guzzAeXT	VqwRKheJ	EyBJQ@example.com	$2a$11$en7SLBaqJxHJfgCJ8gleFeiP5XlGGwdJro6eB7GR0FRHgP7I9jlci	\N	2023-11-06	14	2024-08-01
305	11	QWyLTIHd	gMtrPloU	smPUY@example.com	$2a$11$llqUuQOlH1BFwuCYde6Q2uYZv8mtpbENMvknxIMoqx0sG1/VnqKpm	\N	2023-06-19	14	2024-08-01
307	7	ezFQJCHw	PHkpvFBn	AKnLC@example.com	$2a$11$ZMS7AKfPg5fZSofQ1xdfaO8SjlVRTGabM8P5FFRfoueRyblXAX9eG	\N	2020-04-21	14	2024-08-01
309	15	lmOZqfrT	yFLpLpVi	CZezN@example.com	$2a$11$KMLkk1IwWbyKyBwgfyi5rOY/jfp0BYkSoW7XjDzz65HTg5au6kau2	\N	2020-02-12	14	2024-08-01
311	9	UiAwujlB	pGydaKKF	xStmS@example.com	$2a$11$LHrwkTxtlnL0PwHCskHxI.9LJonw6VKgBhvvpzP1dxYlwf.JCVa7.	\N	2020-05-23	14	2024-08-01
313	13	TApNcZbG	mOrfICGe	SyNoV@example.com	$2a$11$va86YhrhQP4aIBVaLIUciupJAe85Iq4hIXIscXfd/7Adlhn.2bbEa	\N	2018-07-09	20	2024-08-01
315	16	NgYcbxDU	IXVeIZDK	AxyAn@example.com	$2a$11$MnFf/l8uVfR0k6zb7t/QXOvxBSnApvIcqQbabPsj95o8Z92mi47A.	\N	2023-09-22	14	2024-08-01
317	14	RCbrRBwC	TaPTlklA	ejaCu@example.com	$2a$11$qUEqMuXlwRB73rcti/Y/KuKr46nKMiAteYh4Ljl5OgkuYgG9w3WN2	\N	2021-08-21	14	2024-08-01
319	15	GTFJeCBz	IfTcpPPC	OJeLR@example.com	$2a$11$2f6i8k9Eeqwcb2Ai1TiTOOGDMpuFyADM1qG7Il6UkEbrWsuE.7Db6	\N	2021-02-24	14	2024-08-01
321	14	eBBXHVzB	VtoUofIu	qhwdg@example.com	$2a$11$PBk2FhJv8b4i.mqTP24.Q.r/MsYcHXjAvHN3axZ2YMT1VTn.919Ra	\N	2021-03-13	14	2024-08-01
323	6	aJkGHVkY	ZyeOoucn	xkvbz@example.com	$2a$11$8WXxgOdj6siHKU.Uwrhz/.HoqZkJhoP3.mBcyXwjyLNsH7eYsxblO	\N	2019-07-24	14	2024-08-01
325	20	kFdbULFh	AvRZCkLd	ycYck@example.com	$2a$11$57/HhM05dC1zxJgf17UzpezsaqSRofZ9AtYnqiqf3ukkK1gDQUJ.y	\N	2022-09-29	14	2024-08-01
327	18	xRLBZEcc	JbNUQMKR	cAcYK@example.com	$2a$11$du/iReDyrNBjgslJDP59DOU93ODs43l59YD99YQeFJ9BKozmKNLiq	\N	2021-04-15	14	2024-08-01
329	19	BtNXjXIF	ImdVdQaI	apCld@example.com	$2a$11$wIiCFg3LMrrxzOL/FsLazuu6tImb3cfuOXTKyen/ikmA6x8EcUv7W	\N	2020-11-08	14	2024-08-01
331	12	AmwDsylH	GBmcjGxY	XtmzT@example.com	$2a$11$743XlkEY16WL0hdEfuds9u2SvyL3HtFaL6BC0ZNjpb/Co2jFwklRa	\N	2022-07-29	14	2024-08-01
333	14	gwFmLIad	RKwEirRR	Kvzep@example.com	$2a$11$6h33AJJntKqjKqgjnjXZru3yfprIIOLECmogtbrMrCFFy5947WG36	\N	2021-03-26	14	2024-08-01
335	16	xPEcwgAu	XUlKmpSC	GdPph@example.com	$2a$11$KXIIh/14VO41GOSxBJ3BpeOullapcTBz64YLMH7NwJ1mVr9OAny1O	\N	2023-09-07	14	2024-08-01
337	6	WvoUQunI	aPqxPxYv	wbfdo@example.com	$2a$11$Knuc1hc8hu28KDL298PevuMIfbv3mdzC./n5zpr1JtKaa.hFhNWF6	\N	2022-11-05	14	2024-08-01
339	5	jXPtMegu	RvSBpJZm	osBXL@example.com	$2a$11$9EKM9CQXJ6.N2b57keT37ufbz8sEX9qJiNGKIUr7hNDo6/SH0shPq	\N	2023-12-27	14	2024-08-01
341	20	ruZYzXlI	uMURYhon	akGLG@example.com	$2a$11$qAvCRTC5/DSRQQ8exC1e1O0ec0iB6RgBwtMydiub6.TMbQvfc.Yzq	\N	2019-02-26	14	2024-08-01
343	11	kJpsEWNw	TKnrKxqp	WcDxP@example.com	$2a$11$K9WyaeHFcKpC2Dvw8xoeXe.s0c9QgtJJFsqKmUTnuELnjRnM81DhK	\N	2020-02-29	14	2024-08-01
345	12	XKsfXpyq	cEtXmIjX	Fcqjz@example.com	$2a$11$iU3RVDmVKPJ23CiESnwJ5eSH3Kr.5qubbl3mRGFVB.AaoYpAWhmZq	\N	2019-03-18	14	2024-08-01
347	17	prxVKPjV	SpQcnUam	Ikxxn@example.com	$2a$11$0fzg1HnTRb91tZYPIot3v.0EOWIv4yNUmPyuZd.QvTsgUDggKa4v2	\N	2023-10-29	14	2024-08-01
349	16	FuRTXwRY	UfUTIWwd	ynRnC@example.com	$2a$11$kj7U1exNhCt8VeG/U8ItJeqMTGWLr4tPO6RQgc0qlOu2pBKWLXMIi	\N	2023-11-16	14	2024-08-01
351	11	lKBpNZvd	WoePsjVi	LCScN@example.com	$2a$11$XjbilPrZIeXmPW7PomA7Q.3CdjxYzuMCvClPp8zYMebPSMdjUO5u.	\N	2021-11-25	14	2024-08-01
353	17	xfBqpMmD	GgqspnRu	hbyKL@example.com	$2a$11$8MJ06OGJahVOlX4u93wd5uO3ruywE5thb0GCY5JD0R6MhAozA/9XG	\N	2022-06-18	14	2024-08-01
355	15	bkQdBMZU	KacyyrnR	KLXAo@example.com	$2a$11$k6T2YIny9QIRNsICYXK1neClg06HXo3GxTkXHpujLv3BXgBF8TSWS	\N	2020-07-04	14	2024-08-01
357	17	lXBhVSda	RusnqpgM	eDYDL@example.com	$2a$11$.MrQiBzx24k6DzHt3tm9PeQfYEX4Og0JdukbXoupE4a9ZWwM4ukMO	\N	2021-02-13	14	2024-08-01
359	14	dfgoKWQp	XTQrwjzb	DBsVW@example.com	$2a$11$i4Lv2CfXV4B6f/I5Uk37G.jjgljFf/2wRct2hS//uj518TtiNay7a	\N	2023-06-25	14	2024-08-01
361	20	QfwyiFmy	IZUGrGhQ	eCWen@example.com	$2a$11$gRrVBuFvJADkqtV6EdeYrO3al/5TGc0MD6g.FNSKS3Oqv40sWFi.m	\N	2019-08-08	14	2024-08-01
270	13	zindZfQN	GSKlNwUt	JvrmP@example.com	$2a$11$X3N4/ia9kqmUkrAjFiPBzedZuM4MhdWAWgEfJ0rw.j9iaozuGlmb6	\N	2020-05-12	14	2024-08-01
272	9	aSEjaNwH	lrfKVuDD	kgWGP@example.com	$2a$11$jm2JXGqwXNmNg4hQEBluu./HBHJYNgZZHFEwrHewUbSSAgG/bM/i6	\N	2021-07-06	14	2024-08-01
274	10	FlAxwTol	pKLWCuNc	SbaXO@example.com	$2a$11$M3WIOOV48NzAg7pP6gAVAeoq42tqlaPThbPhTBn3gku9fEFXycD4C	\N	2023-02-16	14	2024-08-01
276	17	bRYbcHnS	pNgFJvzm	gePBl@example.com	$2a$11$gFlq1Y/rkr3nHGzr7i/lTeELf84abecknJJ8aIWGd61evAqFZd0Di	\N	2022-12-23	14	2024-08-01
278	9	nlfDCQvO	uvkiLFIE	jdUlW@example.com	$2a$11$x19EYrRWWBMnjLtzL3rOQ.eM15Fp9WtyoKFf0g/Crzj0YMhtsYt5q	\N	2023-03-21	14	2024-08-01
280	14	VhABFPyR	nOmGFGRW	OtIOx@example.com	$2a$11$RZEp4vVaNCzUlQuB1KWVS.nkkut8CuHzca4Vn5x70tT2RQLES8Y0G	\N	2019-06-27	14	2024-08-01
282	18	xqvGsWql	UxZotsEo	YYlFg@example.com	$2a$11$9ng646nS2ePyBR0CQEE56OXB1TweD9odr.sOYBlHe9cyhg7QCIGta	\N	2022-08-10	14	2024-08-01
284	18	tsanhaqh	FXwafpCk	KXOeS@example.com	$2a$11$P2/CB/2pyBrC8OY5aqRMYeIVfKWFPi2VvbB6psdlnmueOPYGTOMSK	\N	2022-02-12	14	2024-08-01
286	14	DtnmatiI	tDKCuWZN	dhRVN@example.com	$2a$11$fl1wfhpIofzzwmgKsOvrQ.JpTjDNhxX6GKdXR.uPbIr.5ot8E7lju	\N	2022-12-12	14	2024-08-01
288	15	rgWLCBQN	ThsILgtj	bDsYn@example.com	$2a$11$xOSFPrG/mgFhZEx9DsAOluEL4zqrgGm6pb9hYSd3igjO0VZvWhEZ.	\N	2021-04-16	14	2024-08-01
290	9	flUISNue	QNhQdAPj	gMVoL@example.com	$2a$11$55LikgPCk4FhD9L0VUdb2.j15vGToWu8J5B1yK0r7AYKKevyp5NVC	\N	2023-05-27	14	2024-08-01
292	20	ZmiiuKVv	InvHGZwY	eYLtJ@example.com	$2a$11$zNMbFIaG/94vAxshgTgyKulPZEps358vkgKqDg8uzadufCOFQoMDS	\N	2022-03-30	14	2024-08-01
294	10	eeMzhUdg	vAVDDPqd	HNruO@example.com	$2a$11$Y/KhTiI3n3i6uOzaF.l75eoUZ5VQXZfgO950KNeb5B91yzOLoJcMq	\N	2018-11-17	20	2024-08-01
296	11	sUExkJkr	dnyyrlYR	CisYd@example.com	$2a$11$/hcF0W5yiBbPfRd0agOKU.gkbrhgnZjKVuIFoOxcy03hWHCFvM41K	\N	2023-05-06	14	2024-08-01
298	17	ecadbzxN	mDYiOXND	nMhGY@example.com	$2a$11$fiTXTBmDwJg6PY1hKrOfiu4MM4k/sQLEvnmDXLJ07wfXvrKztFPfK	\N	2023-07-17	14	2024-08-01
300	7	xtLnvFub	SBXQQsNl	wPSHH@example.com	$2a$11$6LB4dCqknyIYsjWv.eo.yOx8DBjWoetNGXln2C5ApU3hSON/OpS9i	\N	2023-02-07	14	2024-08-01
302	20	otGdzqrf	QIjxEIdx	YfNDW@example.com	$2a$11$FGCIYzDqKIUye74pS9q5iuuDmMp5R2zeKFCwXUTzB1s1wgVXgaMCC	\N	2020-05-16	14	2024-08-01
304	9	fIFvSaCu	ykTvFjHU	BZRrz@example.com	$2a$11$KOPxsmP/LLEffH9oDPtcFuYpype2.uvDSSPh0Hu45xphSPNlHtiGG	\N	2018-05-09	20	2024-08-01
306	7	CEUlxjkn	erCRkQqe	sCNtp@example.com	$2a$11$u8dCRoz8L1JiPmPp7jkdDOSryr/txcDJdW4sHH16TPMPQTL1QVlbK	\N	2023-12-02	14	2024-08-01
308	13	YckClytR	zXIWbuNL	ofAht@example.com	$2a$11$epZ/OE8XX2Fg3BiRE9L5DOd88sl1vxRK6E5gnmgz6e8ts0uAWsgvG	\N	2018-11-05	20	2024-08-01
310	11	qGdZDHcs	ekxIQyPd	aiiGl@example.com	$2a$11$lQQ/QW7UuPJb7pDyUvH9buF3ZvbK7V3HGt6yxQ9u0baCUGgxFhLQe	\N	2018-12-02	20	2024-08-01
312	13	dbjMuGyn	KNtQpZBN	BNMHP@example.com	$2a$11$ka.cXltYq7miB5JNqFrfteQDKxZvcvNcvRoG7rE.kUEPBEoMz3/my	\N	2019-09-24	14	2024-08-01
314	12	qAiiWMiV	ezLGGaIP	FDvVG@example.com	$2a$11$8PjJRXXAnn7YY2vm1ufoLuMCgjeQK7jr3N7SruVlPSqp8nEixOzY2	\N	2020-07-25	14	2024-08-01
316	7	hdpcbtqh	ZCkZfOXe	hCGKY@example.com	$2a$11$iPmo3bruUeHI3bQeb9TeluOeDsWeDe/uWVGoQHOozTAPUp2lXn.UK	\N	2019-11-02	14	2024-08-01
318	9	lUrqsCYH	zLiKXKDs	rhqtm@example.com	$2a$11$k1.MUxxWu3BpxdRopvQUtup8dxp3iNk2kVe7njOpiWTJ9ns8Bo.ZK	\N	2021-02-21	14	2024-08-01
320	7	NHyAuaRg	GlouYFYD	BlTwG@example.com	$2a$11$G28XzbARDrUHJdqMisjFS.3JvKCoUtNWp9CAZEezK6dUGqNu6S3Aq	\N	2021-06-01	14	2024-08-01
322	14	loOqAaxS	aIIUZoUw	BjsrG@example.com	$2a$11$owDIXwu3KHdfmtbWY6AcB.CZaGuWAWJz/kh9HDdjHeg9YGGDddcM.	\N	2019-08-11	14	2024-08-01
324	10	IjsGaULu	ykRvlsCJ	acBOE@example.com	$2a$11$/40sEZQSzyg6FZ9a/cWQFOcVYQo1/2UollxVhDQkIALufjSzK8zz2	\N	2022-06-30	14	2024-08-01
326	13	iLVuhgHd	QHPgFzvx	CKaYT@example.com	$2a$11$NXtkUq/fbw9velIn//A1auVBwpB09LgfRDXxufvB/RHqF5f6scP6m	\N	2019-02-18	14	2024-08-01
328	17	tPdUpsLO	GrBXINSr	QsfpJ@example.com	$2a$11$F7Jvw3sc4gi8KL4yxY1ReebR/y4Iq68A94SNz9HlVC4kxm5G1TzCK	\N	2019-06-14	14	2024-08-01
330	15	DqgdiucP	FvOeztLp	TcYOE@example.com	$2a$11$IK/dZMvQcuTYrTHIGn6scudhQ0mN.1uDb2gFzmm3anYQDBFEU2nHS	\N	2023-01-04	14	2024-08-01
332	8	bKeZkoUm	KXQRDuid	sjvZV@example.com	$2a$11$72JQbO.ZebFCnLjxCQ./auz7meVBSH4JcQS51PeiD4uF41LPVX62e	\N	2022-08-24	14	2024-08-01
334	13	ICYCwbuQ	iTEngmvL	wWrUu@example.com	$2a$11$Mmjqz/TZvzwCXqUoMoCX0.KKXtNyQYBrqrHbfG4f8E6z0IdDg5YES	\N	2018-03-04	20	2024-08-01
336	5	rjGDsGjZ	QKuwXpTB	ERuwd@example.com	$2a$11$PyycpGMUx8ka5SNFTOoe8eEZblRvddcTg5t.6M1EUXc/GI28fUNUa	\N	2023-03-30	14	2024-08-01
338	17	mVRrWdCG	ZZoaLAKw	lzojS@example.com	$2a$11$CrkwPNnHj/4JIVy6LQGW2OQmFXurRJfFtgDInFcmsLZ77h00VESdu	\N	2022-11-15	14	2024-08-01
340	13	YCOhIkbY	eVBnAFkU	URZie@example.com	$2a$11$cOGWRha2rcB3CFX3xJQafOlDTjst2s95KxgljWbvgBxoSQoXtCgjq	\N	2023-02-11	14	2024-08-01
342	10	BXWKsoJV	GOcTemiF	uMtlP@example.com	$2a$11$Km8aMR/h/gSpAn43lNE6K.BXNhQ.YuoOXBUdiMAscedr/bofdTnSC	\N	2022-05-13	14	2024-08-01
344	19	jUSHJacI	WTeYIvkV	sPeha@example.com	$2a$11$cMQHRVYE2Usqdse9eeLW/OnPabmxKl3RvEeusty1c4JGEglGSi56S	\N	2023-01-19	14	2024-08-01
346	6	EZthBmVD	lIXuwQpI	dfHaw@example.com	$2a$11$MsdoTZiEgQNUZ5aOU9yDdu0VINvIlUe39ihDcsVTy/zwRolXakZA6	\N	2023-05-26	14	2024-08-01
348	17	dYARODjn	rtUDGwgy	XIDqy@example.com	$2a$11$yUuWci9RRuU2s8HApUbuKOd5No5rB6Rt7i2dYjcEvEtwgtHSnPaNK	\N	2019-06-22	14	2024-08-01
350	15	txmsXHtt	xQXLBvUV	kLsKx@example.com	$2a$11$/iX8lxPi/6.8.CI0Acf73.WQ7XxlrGKLETbxnXk2kuXa1OoipAbNm	\N	2020-04-12	14	2024-08-01
352	11	ooqotvWg	xtJUxxao	yFAtg@example.com	$2a$11$lcibPn4VRwzC1EtXAMohA.hupQntNUAX8OHq5Cb/au8V9vII6hjqe	\N	2021-02-15	14	2024-08-01
354	17	yWSZScbv	WmgnkrDZ	urLNc@example.com	$2a$11$EDvOFmzXOv6lKF7SklEEKOfNZYhh5gYbRw1Ys/P0arCjHmkfMFqSC	\N	2019-04-13	14	2024-08-01
356	6	ybgKqypH	znHzWUaG	KMeiT@example.com	$2a$11$pY9eXLyu5YC/faulFUbGKO4eAW1e7iDFtNiSS7M3RLZQt1DXu5whe	\N	2020-04-21	14	2024-08-01
358	19	riQbwCpZ	uldFShcC	XlhTG@example.com	$2a$11$MHakchBiXLZ407fB3qikzuAKZwcyF26hq7abRwBJatPi/RyeQsLpO	\N	2019-10-29	14	2024-08-01
360	6	MSqjHwAD	wTQgiXrT	JlCfE@example.com	$2a$11$LTZoq7B41nqAHWoHCcsx3OZbfbhProiA4BSjtlR38IfyLoTYXwluK	\N	2018-10-11	20	2024-08-01
362	17	qBwgdrFm	VQenWSKz	zUXez@example.com	$2a$11$vUYn.G2TLUkWik2tSDqaUOSwqkao6veBH0mexykfP3k9VBH.W2U0q	\N	2019-04-17	14	2024-08-01
363	9	waulatSU	CTIHEsLX	xzAEx@example.com	$2a$11$MoNfCYZ8tylHMn/fBITlTe6QKYYimxrESkNLlwPwbDyFn89vFnObi	\N	2021-12-22	14	2024-08-01
364	12	KCChIkTI	IRYooJRF	dEfza@example.com	$2a$11$HPEz0G/Je3HQjD.OhNyS9.PMghcl6H4z0QxWGarbxX3CvW5q0KS7C	\N	2019-06-21	14	2024-08-01
365	11	dFhdZvzH	QbecRFmg	Tcnrb@example.com	$2a$11$WPp6/89kjoar3Sful9fndOW6ZFUjEUKGKhvmyUkgaViPU3G87DCAC	\N	2020-06-07	14	2024-08-01
366	6	CFbWpCRA	tUzcTaxU	XcoEf@example.com	$2a$11$7QZqPS798qwh3QV1kG6EOeccYaAKR/qXDzfqIc.amajlOeFpRmKNS	\N	2021-12-22	14	2024-08-01
367	9	NCsMcoth	okIJgTmf	PjSzs@example.com	$2a$11$LcqAGEp6d/GTaorTMUyrmOdTYyMNDyCF93/yBAsVU0B2aaXZxScNi	\N	2020-06-14	14	2024-08-01
368	10	pXLraQkw	BudYvpWx	vXDwx@example.com	$2a$11$4vr7bOlYCSkOhxdoHaDj..iJPN2zaL90Wy8xgJ5LiS.uoxZKo5e6a	\N	2023-12-20	14	2024-08-01
370	11	XxQeiWUA	cIkHGBKv	pCMAq@example.com	$2a$11$6afGOns9ETNuSQ6ALT.BteikSroCufs01PBL2g5jhHgzM9YVuiERO	\N	2021-09-06	14	2024-08-01
372	7	ixOVMLVo	MfeMLtDx	Dcgsu@example.com	$2a$11$FwfPGe4TuBVtuDigZu4ZyugxzkmlKlcFvpco6MkQkvZjioRvlQnaq	\N	2023-02-14	14	2024-08-01
374	19	HBjxgeDi	uVzWCgRp	dtLQb@example.com	$2a$11$HKxIksSbIq848tf0PiuFtOS3ji2odUKWzbur63.rL3CVUhyIuiepi	\N	2022-01-30	14	2024-08-01
376	20	GjOzPYVa	RSVMUVzI	pQptP@example.com	$2a$11$1LpXjONvXx/cxK12VYS3e.Bx8Cz4EtWKoE8yOZfDGFP/tXghC1f/i	\N	2018-03-26	20	2024-08-01
378	7	dJtHRCNV	gSlMRKui	sClfV@example.com	$2a$11$PUpm5XLDcg/sacryXAd6QurxRg68ecVc0aI700v5gqy5iQvkINV3e	\N	2023-03-23	14	2024-08-01
380	11	zyUdzCUv	GIjZhkDI	IcpWX@example.com	$2a$11$.bjADL4ftoEzSos7x3zReOmhjzIqtbgPg7FMWC8tIpQqGCrPEIdBG	\N	2018-02-13	20	2024-08-01
382	12	ifJuIoZN	XLXEiNjh	GNDZa@example.com	$2a$11$VuYN..zuAuRlfvHHrJ1bq.Jp1/VVoqvb0h5.yfUkD6QWwN5RS8ZQ2	\N	2023-10-11	14	2024-08-01
384	19	CzgLJPkU	IzZsymOD	jcwfd@example.com	$2a$11$vcYgAjGE1FoK3MFMN55rGOI8UMChmOXYTRi/.QVssZvWMc68vLQoi	\N	2018-12-13	20	2024-08-01
386	8	TYfOwkyM	blVRUDkG	HmafD@example.com	$2a$11$jy/V9wGijOg21lblTBmBaugz2yCcMUTj9b9c2BrLjEAP2WsEZ0WHm	\N	2023-11-25	14	2024-08-01
388	20	MVfvvfTE	NHFlfRzr	XjXjP@example.com	$2a$11$8Z2leSL0ctarCOYD4X8QhOrBVIvhceTNo/yVdhE7MuKDDAzA./pPm	\N	2021-08-28	14	2024-08-01
390	14	MdyHzCxH	lygQLFKV	IwVol@example.com	$2a$11$.Hwtq4l5oQp971ubSDbKtOsgqVcmqS6A9NyKPHFOSlSn.i0CTzGCm	\N	2018-09-08	20	2024-08-01
392	14	nBqpdrqt	VHOmJcIF	FkvkH@example.com	$2a$11$0Y8hPSrY3qoFCWUe7tT9d.3b/qyDNueTtjSR0nLc.T2cvO1G/JGQe	\N	2023-12-20	14	2024-08-01
394	6	MCtASFqq	muCAttfe	HtHxj@example.com	$2a$11$nlUqZxsjUCbS9JCnCZCe0uF7VkLt.6.aC4Gj5fzIjgOCGNI8zlafu	\N	2018-06-03	20	2024-08-01
396	8	bRqOwIWw	qKoNWOjP	gUuOE@example.com	$2a$11$WQk5R6p7CLLE.xK8nP51bOKJUwmrofhhGuWDfzS6ia3HHtOKcJVRS	\N	2019-11-28	14	2024-08-01
398	6	rGKxBZQR	qnDVcwJt	ByQuZ@example.com	$2a$11$t/dGCMKu9WYEgb3GYe7zBeL8V2eLzizIRWTTvEkiKQaOCca9EzTDe	\N	2019-02-17	14	2024-08-01
400	14	UjSOUwHp	qpdHMVbx	NDiAW@example.com	$2a$11$suUU3qoAwcQ5yT5cgsJoE.6LaTJ0.OHsZ1B5dqDeHS/FdLjDSuja6	\N	2023-11-29	14	2024-08-01
402	7	IGyWXFCO	RcqYpUYn	eMBaS@example.com	$2a$11$LUJc6KeooTRuN9wEv.gMXemO1gywSMWKu28fa7oMBpqgl4EDo2HsO	\N	2021-03-31	14	2024-08-01
404	12	oqBbUjtN	wDChlRAd	aWatb@example.com	$2a$11$32uvStIyt8zyhPjZbjwB2OiQ6vFCgn5tHlb0Mp3faZLTo7qislEFW	\N	2022-06-01	14	2024-08-01
406	19	hqSOxRJY	oDPaSRKb	gTgZH@example.com	$2a$11$UqN775HofHEpnN9Ph94LjORCJpT18eIwCg836bZHL6NJME/M7kzdS	\N	2018-09-18	20	2024-08-01
408	17	wllKgqzW	LolofcbL	JJtKs@example.com	$2a$11$bAMiiHxF5DKYX6CSzvlimesRcSyOQJgWymSRbFmSy6vxeTgVDPTtu	\N	2018-04-10	20	2024-08-01
410	10	BptBQhEu	pbEwyJoI	tytGB@example.com	$2a$11$A72A6R6m9rSFSuLPeKsDTO98x3EDuWIpYBISHA1y9Udg5NhkVpNFC	\N	2023-10-08	14	2024-08-01
412	17	aTiUaizq	QbIQRoLW	OnKKP@example.com	$2a$11$fzzT1jwI78BerdWYyn70iudUIw4x91pmg6ZFKyGXASZmwLiB9Kzzi	\N	2019-04-17	14	2024-08-01
414	16	JPGkvfet	FTyhBSid	XLaQp@example.com	$2a$11$nh.yp.yZHhb4UFsBSqkhOeQ0wOFtTG2FQn49TSNQixblamG/YZd8G	\N	2021-08-21	14	2024-08-01
416	17	jrXsImIj	kSeHUSjC	Dtxtq@example.com	$2a$11$N4LITlcUpeo1nGXt78AMWewR9ko.Mx0gcWC4Pz1VRUinbdlhCuZAC	\N	2020-11-08	14	2024-08-01
418	15	XQYqskYe	qJvRwlHM	uOtYk@example.com	$2a$11$xAsC/XwjXQso3gAHZ4LFNuu1cEgNoXiXOc7vTDc.fMXKnNoiIfX36	\N	2021-04-07	14	2024-08-01
420	9	lNLmALhc	PToGduzI	qbhAL@example.com	$2a$11$WIOib14qYRh62zuKbPMR5.pUdGG3TzdSGvKIK.pucM8/2IAN3StCS	\N	2021-12-27	14	2024-08-01
422	20	fOphCuCA	ifnWKXGP	bplYD@example.com	$2a$11$wN7j1CWLFUNCZE8kWA5GM.HRzrp.vLA6KETh71uWu6bAEL3El3MYG	\N	2023-08-27	14	2024-08-01
424	14	nPvVJwem	JUgmgXrb	uVUES@example.com	$2a$11$vxxPnI3Y76Znz0QH/IJE6eGhkBJePsT6LhGQi5impymUhhGHSi1Sq	\N	2018-08-04	20	2024-08-01
426	10	bmaUgjns	jNtdgbpX	bLRXA@example.com	$2a$11$9KlVebT5iS6IKt4274S.GeLiBlBDeCCTjo4OfWARyJEYX6OJw5o3C	\N	2022-07-04	14	2024-08-01
428	15	CLyVLjNP	uaSsHpIw	CyEcs@example.com	$2a$11$Ysz9/thPbCtzqw8hkvB5pu5HNYv1P3u17FXkT0A47g4vU9y3MphYK	\N	2020-06-03	14	2024-08-01
430	10	ETeGyMzQ	GVLFaJfD	lIYAa@example.com	$2a$11$FaUBdZ..3MdkMwtltOhJV.mktEvArWlxXDM/7TSy9RO7tE/5lCpMG	\N	2023-02-12	14	2024-08-01
432	13	EHwtqyvw	TPpKCUEU	luisg@example.com	$2a$11$HJxvMlDyjg0NplSkRpT9nOdxC2DUbfqZ7Gjpt4qkcJr.MyjXN9eVm	\N	2018-01-21	20	2024-08-01
434	18	OtMJJyue	pRakivrF	ffXse@example.com	$2a$11$SuvbWCPzp.iihs.KRd/hOu0ufuZ9Kp3oTDJIXBfqXHNAry4Pk2LZi	\N	2020-05-17	14	2024-08-01
436	10	rcSHNQGz	lMOzdxjJ	afjyP@example.com	$2a$11$wEDKH.KY26fvIdDNG3JsCeP7VWD8DdbGGovhZv2wDZDNL9W/g3ytG	\N	2021-01-28	14	2024-08-01
438	6	tMcEmtfS	UsoxokAN	RJLxa@example.com	$2a$11$xcxOl2iCiylIh0zfndl1j.wnyr8WZPvT49Lv6ByD0PznGcpWfelZ6	\N	2021-06-09	14	2024-08-01
440	19	JGKfhJzw	spZqKMGA	HDERi@example.com	$2a$11$G/9a3o/Q/KJnz4xPswO/y.MbyhTyxg12aLt01BV6vbk4n4d4BHQSS	\N	2023-10-03	14	2024-08-01
442	8	NSJbbPgK	LTQSKwKy	IYags@example.com	$2a$11$l14uVBTB4ItdL4OYfEszYuiCf6rHyeHswB9.EldUOw5bNCIjjXvIS	\N	2021-07-21	14	2024-08-01
444	7	JEquktiQ	MkQaRYcd	Tsqik@example.com	$2a$11$4MGrTT41CwFQ9a.UB8WP3.hHeU4FQxRw1bhQ8AK1L/Sab1yT716D2	\N	2023-03-24	14	2024-08-01
446	7	CfexYAZd	fyiNaBED	kpjDC@example.com	$2a$11$PqwUxz6asjlsvNCTWeBHYOSaC0fJ1ND54Y/aNO.Ijch/UNAP.h32K	\N	2019-06-06	14	2024-08-01
448	13	YUEmxaKe	hyMnPjJD	oxbQe@example.com	$2a$11$ZTuqwGAGdXN2Qmq.LwvVAe5vfZ0o0ekLr6G1OGYX92EfSmEBwN1RC	\N	2020-09-28	14	2024-08-01
450	11	kbvMIDqZ	IoOCjNEV	TkJNF@example.com	$2a$11$ymRsQ9otj9NY1SyTsEvQ2uErZ8QawBot.7Om7CNVTgbheidxiKuR.	\N	2019-02-23	14	2024-08-01
452	15	gnxEbkGH	orqxKDvN	GaYbh@example.com	$2a$11$C.y6XMEWT9tKBFKo3Gh3S.Qz2F5/GsJ4wLIXEhoTxnFF7.bxN9KOm	\N	2021-01-13	14	2024-08-01
454	8	LoLaSJtM	WYxcaZQr	ZXayA@example.com	$2a$11$JZqaloYxssOGPrmC7zNZmOraKMQO3aqHFiguPmVykIi5We.BBdZ7K	\N	2018-02-07	20	2024-08-01
456	18	lEIXTgEt	rqLkWtJx	tEeca@example.com	$2a$11$hq3ttaedwLAMHVMIzoovzuajWmoXL6REoNnE2aQb4pOGuROy7Nc9y	\N	2020-01-30	14	2024-08-01
458	13	UVOGiFQv	RDiMUMRe	DjPjs@example.com	$2a$11$RrNuJvycG4RS74MaxRA3QOZAlhE7uDFBKGW1kCkXzSD/AARiz9gwi	\N	2021-07-14	14	2024-08-01
460	16	iDXdRkSb	jPXwlHis	iiHMj@example.com	$2a$11$Kdvz8ZZSUnTASxayUu57.ei2ADlGYv/Fy/VJ8daERueF2FB9pEvKu	\N	2019-08-02	14	2024-08-01
462	14	cKBXpNBf	OZlFLLcJ	rQlTf@example.com	$2a$11$kNcDevR/Mu1nxTtsb4X6BuYwX.IkbmmKjEUdqh98aNpidkkbqTyJ6	\N	2020-06-20	14	2024-08-01
464	19	jJnupCBp	Xyenjrdd	lhlKK@example.com	$2a$11$NmmXzuVqqPE5E4Cm/HVPvOKCoyFvSGVAjoZnRKtauJMq9VLdSeXw.	\N	2018-11-18	20	2024-08-01
466	9	uSdSZukc	txbfcgSX	Bxcgm@example.com	$2a$11$T.9YgxTk1Jlsr4NWebw8NuzVbgOmWm3iAPEYOMnkDWcD8DuLEEZ2G	\N	2020-11-18	14	2024-08-01
468	17	yRKFeQuf	pNIlGqBT	tZiOi@example.com	$2a$11$QAp3A9e21zOJ2LzZ70KBOOUKKj3hsH8obEMBd6NKkvG.u55Mx/X9C	\N	2019-06-02	14	2024-08-01
470	13	FTPFXsmU	CpGywtFK	YiYvQ@example.com	$2a$11$T6XfcsXT.yBQKmUuUuxaFehjHSKYc6hoYAnjS.eNZraFWx28Y3le2	\N	2023-07-08	14	2024-08-01
369	16	FUmFWYYI	BntQrkGW	FGZNB@example.com	$2a$11$V1Ey/DmaHAYEbwYYSfmOH.TZyTyShxzLGp2Os.0umAOHple4MX.Zq	\N	2018-02-22	20	2024-08-01
371	5	SIGUrFWS	fqbqGcpw	VAsUH@example.com	$2a$11$FzIPAMLYvDsoUFtpnv0/wuqXWsfTQm1jl/Cbmx6/bKqUTCerB3L0u	\N	2019-09-24	14	2024-08-01
373	9	cDBabrtC	hJoBpVAm	AXIMM@example.com	$2a$11$AiVRPqMBb.wQmTuXeokzE.8o7IfRF5Wl3/QaGyDXO6JcqJgVSj7Yu	\N	2020-02-12	14	2024-08-01
375	12	ZBNxxbmV	dxghSWNX	jHsVI@example.com	$2a$11$jveEKiAovsa/AoTkgZFgdOaUzpdD7wXrkZf/PdogMwyf77Erz/Ze.	\N	2020-02-08	14	2024-08-01
377	8	ksuOaHQE	imxzGjet	FjmyF@example.com	$2a$11$zpVeGiNp75d35cC7gt9Ky.A3.3MregpaWN3k3xbSiHCT6Kx/Ni9XO	\N	2018-06-26	20	2024-08-01
379	17	NpmzsdmC	BpUVbnPt	tkVKp@example.com	$2a$11$gFnNJQgyWy0276fOugPR2eGrUhwVOGYhakMr2gMdnfwBVk57ko9je	\N	2018-05-31	20	2024-08-01
381	7	oVXxFKtS	JIHtpPiO	iZLPo@example.com	$2a$11$W6XljiY6XsBX1kx0w/39tuoBz8ZxfXWHvg7flg4CO3o6AiR1rhio.	\N	2018-05-12	20	2024-08-01
383	15	WfgRvWNU	peUzCoHS	VOXNK@example.com	$2a$11$zrdyr0j2F3UikbEN5ANTVudKZt7szgGLNCC9e0E7pxEKCHt6XixjG	\N	2022-08-04	14	2024-08-01
385	16	sUDWvADc	aIcBNOqR	PiHPk@example.com	$2a$11$ncj7EgVwUGHyke4ohOChOutQxQPhfUMVy7qqZv19iFjYBl543s7F2	\N	2018-02-06	20	2024-08-01
387	7	okcZAKgz	FazoAijv	XYSko@example.com	$2a$11$lQgadSGxNp7kZcI9KXlrL.rVleaukxtWQngx.54HIQ9ORy2O7AkIm	\N	2021-07-22	14	2024-08-01
389	8	rhzOlTJj	DAfnBSRO	vkMAG@example.com	$2a$11$.gcQHo6AULH5/rCSYH0kE.xyXiBBVlQL94lThzx7iWFFi.GViDH1S	\N	2019-04-29	14	2024-08-01
391	10	EYhBBVjY	dRfSkDSZ	iMcYP@example.com	$2a$11$NEzs2GBGNwJgHLl9LFVoTOpH2IqtdRajMk9tGR3ScZvg82Ztu9KWe	\N	2022-10-14	14	2024-08-01
393	6	biauWVUr	pVnQGsSf	xqCil@example.com	$2a$11$VYEF5GpkgZzSIcp1fnVBnuTUHV6gQwkKyR2PM3qV9mxcbk2u/eiLW	\N	2021-07-11	14	2024-08-01
395	8	tAHRdHgS	INtLmkRi	kFBwz@example.com	$2a$11$Odakf76.h6e3dZ8P5iaF5.XqKoWa/vuBwy0fe7HtC.mISJAZBi0Be	\N	2022-02-03	14	2024-08-01
397	13	yHuBNHpd	RETaCbzM	vIUzH@example.com	$2a$11$.tRBWYgSVJ.Zsr/ifyLv0Oq/JAFq2QTWkIuo6FnsYCuKeyquUf44q	\N	2019-04-09	14	2024-08-01
399	18	DOsdCmzb	dhtgktxd	ULwAL@example.com	$2a$11$4CK6GDiu6brDbQlsqMYtvOygh8tKoNIlUROnRnaWCFgKEv4J471rW	\N	2019-07-15	14	2024-08-01
401	5	mUUTfdnc	iaQoGLRH	mTqWy@example.com	$2a$11$M2xhewyni1ejYBJyyyq81eKN3206Exg8qsv3sx7Rx616R9zetDhhm	\N	2023-03-31	14	2024-08-01
403	11	icoTIOsE	AxNQKpBP	qHtqF@example.com	$2a$11$wgsB3RkRllX1o9mbFT1bFuLjwOURZbHG8uycsGPUrJ2qnwUhFZBiy	\N	2023-11-10	14	2024-08-01
405	13	dWeVvykR	NWYqzKhT	UmcCq@example.com	$2a$11$Oy6boAJGilon5YLoBDA2c.h3agOKFlMU0scgtWA9DWiaYC/zsCEwW	\N	2021-06-13	14	2024-08-01
407	12	vHsWiQVh	FSDTSkXf	mIghJ@example.com	$2a$11$eLsQhgLE0IIXvAkM7ZWypeHmxxqkjKyPOEXwNJ0hIZGua3ObWpQZu	\N	2020-08-10	14	2024-08-01
409	17	BosCRjnK	tYJmvMzY	qMsmt@example.com	$2a$11$5eJcUI6RwWxweLVi7SQYtex8OqqwXeUSfzTYN1kVyy1wL/hRzrfgG	\N	2020-09-17	14	2024-08-01
411	13	RrsjeKUg	lSNElRan	cpSiM@example.com	$2a$11$zZ7aPuIjlhTJSe.oLvCpteI9KINfPzNWtgOoV2YlaqJ/5gr3rfnBC	\N	2022-09-12	14	2024-08-01
413	15	qQTyRBKv	NMKUiwqG	bvGCg@example.com	$2a$11$ksetxRJlPx7BxcIz3pd08OKQ1LVOJU3tbdxbLYz5YxZu9alUtBdPm	\N	2018-06-16	20	2024-08-01
415	15	ZcSjdGyM	KQZHycEX	rFEow@example.com	$2a$11$0Qh0ticstB3UkSaUUM.Ab.jnWqnZIphbVeIS5shfh4SphZCB5s.Su	\N	2018-03-16	20	2024-08-01
417	18	epSDDtqg	tJsGOxgM	cAKbu@example.com	$2a$11$Xgo3vXIH6z.6qyb17Ani4uUuM3A606d5Xn9kSpPZn3l8Ap3srDmQu	\N	2022-10-01	14	2024-08-01
419	15	IzTYiURk	GjotpxOs	kcpKz@example.com	$2a$11$laThmggiBIUpOIQvtNvwtejvmMULDBvPbRAk6stzzheGonQjpWjMe	\N	2022-01-26	14	2024-08-01
421	12	PKDULCOn	Tmfssmcj	qGDYP@example.com	$2a$11$DHrnN0RT4ooviRLkWr9qrOcxS0kd2QFgT9Qlg5ie2PsJwvC6T025C	\N	2021-02-16	14	2024-08-01
423	17	gzsHOWav	vLmgEKlm	xxekT@example.com	$2a$11$BWxklRRLYhnm7DRLlBQuH.HwCbMMHb292zYzIae6f/wfeoa7bV1wu	\N	2019-02-03	14	2024-08-01
425	17	JIsAQMQT	RPzPfEvC	ujeMR@example.com	$2a$11$cZ/kz93wmhjg8v4eSa7nTOwy3eJxJD/m6rtiFwhAvIj7YidzYYu7K	\N	2021-12-06	14	2024-08-01
427	12	ivefOXbO	ovRdGoLq	dJaDK@example.com	$2a$11$UWZH0mDDyybPRO07K.KHrODa5Us8BoUqYNY83iJtFUI3jZ41MDcYS	\N	2022-12-14	14	2024-08-01
429	8	MvuEPaYr	XFnNZHlH	XKzAo@example.com	$2a$11$uoK.ieA4.Vmh3b4h/Juo6uGqbT6x.yFZvTFTvYZ0xl/fMNZBI/cdm	\N	2022-09-07	14	2024-08-01
431	11	zfsemUXJ	jnglUcpv	JfcUG@example.com	$2a$11$.TB./L52VdR8dvjg2sWDWODClyvmgplZK.ewHDPMQ5wp/boPFSvoa	\N	2021-06-30	14	2024-08-01
433	6	sHMGbKIn	zBLBozFy	QuzOY@example.com	$2a$11$qVMf6bDF4vfqPa3oU0e7/eUtk3pSD5UTPa.uRsT7Q6nLmvCpGoGAa	\N	2019-07-03	14	2024-08-01
435	5	xmqKcpbx	YwnJDaTA	fOwVV@example.com	$2a$11$ogt7NdtqgAUTqDcv5zoKMOgVuf0ExbKhMMnPTRsLnDTMxUm.QJx/q	\N	2022-10-22	14	2024-08-01
437	16	AbhqtKBT	NSrxFPoA	StVcd@example.com	$2a$11$oe6WrlmehtCVejwIyobPbeIBzvYbpZlUjmmSFfEx0AJ7DJBvaWgDe	\N	2018-08-02	20	2024-08-01
439	20	frQFqctW	bYbIffeN	gAZUR@example.com	$2a$11$XSJOiQ9CeF3CtQzDP9Yeg.gDFVlms48yPqF.f0wSTXCQcpegaExay	\N	2021-02-02	14	2024-08-01
441	10	EEdJQTuN	NtZFQrXN	vaYGG@example.com	$2a$11$nI3uJJhDHUFxtPnrpQ4RretRifP1HisnNkbLejm0gwnwisHm1taEy	\N	2023-05-04	14	2024-08-01
443	11	dSvXBStN	odQqrEdm	LkRxs@example.com	$2a$11$9uwuaKSBgjiLQdQogTpR3uyCmDIe4fs8gO3cCXAEk.Tca9KqJLNtu	\N	2019-06-24	14	2024-08-01
445	6	hbrMzyXJ	ZDCwzaVC	Omjmh@example.com	$2a$11$ljFuNCTFQVSdqSPqOGCbeeMxn5ZF3/u8e5IfOxEEnLkrmTARMsBHq	\N	2020-02-16	14	2024-08-01
447	18	eIOXwiLx	eCUXbRjX	YYTRK@example.com	$2a$11$7WgmW1XI84Jg6hy3VBDpdeqXJX0nVHZS0V5tvUMT4lwEn53xBfY2.	\N	2022-08-03	14	2024-08-01
449	5	xGanaxNu	jnMirRom	TXvMd@example.com	$2a$11$27fQm.9AXuH7JPBNI/RGROQLLFHOT3sjgyUfmuvF/R/pN4P7vyPjW	\N	2020-05-06	14	2024-08-01
451	13	uTMQUYmI	vKcUCSBO	MNCNB@example.com	$2a$11$Cbs6mPzpDA55j.zw50K3l.ZZefz1OW7dt0zp.tQJjILdmMyM6HrIm	\N	2023-11-29	14	2024-08-01
453	10	YyYSzBjM	wHoScisS	lbKKv@example.com	$2a$11$bXNhG3qX.f5dMz4GeyohHOCF4N/2JxJVIuQ6.cxcRCSssO6Vtlr7G	\N	2018-06-26	20	2024-08-01
455	18	XvQlaiMF	rHIlCebr	ACsEo@example.com	$2a$11$sNw7GgcKNgYhGZyIWjmJUuoYM2YDphczx306ZmnQuTmKJ.MJ6bnse	\N	2022-06-19	14	2024-08-01
457	9	HHEJTOjq	UIwNVEbS	AnwHc@example.com	$2a$11$ehRCVb7/rOBzML0utV9zTuJgg6HXFbxglqmkd//IJTchquvX6VHga	\N	2018-12-25	20	2024-08-01
459	17	lFcecypu	NxlBFgwj	KneGw@example.com	$2a$11$dj6zbAYBZzTfQ6ZGMXIeUO.N6nSw6mIma4kZ.1yR3.k6Qntpk6qqi	\N	2018-04-04	20	2024-08-01
461	9	BtbbzOeS	euSWjjnb	FBxxB@example.com	$2a$11$6UM0nnU33lQVDgYPBZoO0.kPuXyLE8nzWmt1HCXa7rNe65L7eaAKy	\N	2023-07-06	14	2024-08-01
463	16	ByFfgiwf	sOUAQcAY	NKllj@example.com	$2a$11$dCOQcEg.VN13CNgS.brqDu14itfJ1BZ2mCWnx/vkf8MB1VNEqQElm	\N	2020-05-15	14	2024-08-01
465	18	VMhrWEzM	VKQDCmbF	xKZuE@example.com	$2a$11$QejMzAtZxcBos4fNRfCjD.q7Qt7EOy5Bl1giilcYtjnBASfZ9D8mq	\N	2023-10-28	14	2024-08-01
467	14	yrhNjqSS	zClKPdSO	eBgoc@example.com	$2a$11$.KtqxDQGVRuLnuvailDeTeUoJ4PcgUEHGr3DF2NSBpQu5QK5e8aIW	\N	2019-12-07	14	2024-08-01
469	5	mUDMGurw	xZTbbUiC	GVNoY@example.com	$2a$11$6MO3HsEF7MAFEe8g8LrsBOlH25L.FSTSFoMPC9ew5Fvit1TjVk8ru	\N	2023-12-12	14	2024-08-01
471	12	nerYXIcG	XUptHpqS	DrWaw@example.com	$2a$11$rxhgBtsyBjFcY1ali8LP6uwCF4/F7G/yu.myjXkP29Nxy/Wf8DjpC	\N	2022-08-17	14	2024-08-01
472	10	CjdHtuTV	NxAXPEPD	CmcvT@example.com	$2a$11$ochuvGkktWIRTjt8qUQyceE651ZNyNqwm.SJ/WNI.SspkvbqD/HBu	\N	2022-09-30	14	2024-08-01
474	6	RcwSErXi	jTlqNvQH	LePHi@example.com	$2a$11$INYOGVgEmxakK9S8Zdy3wu/3YnFRhtLsdeaJPMRCptdKlRSBadIEe	\N	2018-02-12	20	2024-08-01
476	10	upSWnmwB	uaKbZWYc	msiXu@example.com	$2a$11$OQbyxKzP9n98OPUIGrj2POzFIKvKB4.5K0vjKll/Hnx3yK/.KiBA.	\N	2019-02-11	14	2024-08-01
478	19	mzgGcpUz	SNbEDtuX	wShIU@example.com	$2a$11$p.oxN93l3o/I9of1gyuerOejgbgFlrZ3MWgURxaTKhW3nfa8IwwA.	\N	2023-08-03	14	2024-08-01
480	8	eQbZUUBJ	oKuDyBMl	rkDqd@example.com	$2a$11$FpMyWvJrnMG3yaJnA5taqeXH/2ZobOc8.S4XZBVBw24VU0h2A2MBS	\N	2019-11-27	14	2024-08-01
482	13	yjdbanJG	lAYwYAtx	dggve@example.com	$2a$11$3QWt43r76yXDSIO2SMztzu2KcMNrMuGvmeb208gy78F/5rZk1MMU.	\N	2022-01-06	14	2024-08-01
484	15	XZUsBjcm	OZCFxQcM	ttkpO@example.com	$2a$11$LM9c5AGvY9NFCxtpiyr89ua3CuUoZgJn6QvcoDZ6532/NNU15IS7y	\N	2022-09-13	14	2024-08-01
486	7	buueLXIk	SxYpWHTV	jhjRq@example.com	$2a$11$A96ZxTYSQy0LpcvxOTfDPeYsgWakaUgNQSVLpI66fYMj6eQOyfnHe	\N	2023-12-25	14	2024-08-01
488	15	rLswdiDh	lUqRUguu	BeWkM@example.com	$2a$11$z0bQKttyVHxjJLhoodnMPeyELAdCl7tzvVeSO6EimFhJaf4lAgNEy	\N	2022-04-03	14	2024-08-01
490	15	rOxZnTCq	eWfWsrBw	lZAhN@example.com	$2a$11$LA/iCbpnLrQPUwkdjAKVC./yCem0j1BOj4h1kYEZpiilVojARUt/6	\N	2023-01-02	14	2024-08-01
492	15	qAjhQfAl	jDhHhhAH	cawpq@example.com	$2a$11$qncWMM5OTMdwlsAx3jBWO.Aplu5NzABtiss.33nDezB2hUXoZta9y	\N	2022-12-06	14	2024-08-01
494	13	JGJCFvJO	FVAWplmQ	ZEgzm@example.com	$2a$11$3fQ9/7qJrH6rqjkxcOZw3ucYDoWBdqlTg2o6CYnAASQ8h./U/VKGO	\N	2018-04-28	20	2024-08-01
496	15	hKDbYcfn	EEWVCXjQ	jOpMK@example.com	$2a$11$xgdvlHESiUoGTyv3stiIUOmRyqS0UhqpE6TIUJ.ozNyr/2ALSV5Du	\N	2023-09-28	14	2024-08-01
498	19	qeeJEtsr	NyDysXtJ	rMCve@example.com	$2a$11$UEwss1LAzFUSzjWAOBvsk.Rar/55H5SEhSL/DCbi2.fKxXqporHTm	\N	2023-12-12	14	2024-08-01
500	10	LDqGVQap	sDDdOnNY	SCGdj@example.com	$2a$11$mKg2Bf6TZpGtoo.xqS2SIO.MhY8YdjUi/e1veEKte.5R7gHFZHA7.	\N	2020-03-21	14	2024-08-01
502	7	sArrbWZf	iImsdmmV	BfzMT@example.com	$2a$11$fOlTuiCSpeTIziZNO3GCGOpHGZ7iZBZqfS6YdkJh4vF/lT3zwEPnK	\N	2023-01-21	14	2024-08-01
504	6	VhRrBwkr	ecAhNQcQ	TrGDo@example.com	$2a$11$bWx5Bdr/MpW8Xz4nILKj/eUWM7Az5M0q8oSEuuqUk1ok6yDr5k2/y	\N	2021-04-19	14	2024-08-01
506	13	raAxPDcV	KIsyzhNU	eOcwV@example.com	$2a$11$ywABschrnTEXgjoia7KniOM6FHJGfcLAyeQBLEEQhCZL9bQgdRRYC	\N	2021-11-08	14	2024-08-01
508	15	PwLmFQPX	RoWcoaeP	pObNd@example.com	$2a$11$Zzz9GKriuCbN5dFK3CZiGuS50.XAvaCzy7.I2o5vvDx0vlUdGjRXO	\N	2021-03-01	14	2024-08-01
510	19	IjwxMUDD	IBfAQEEF	obAjj@example.com	$2a$11$PauAY3d/7K7zlEpVEET./.ZTvVOp5NiRWaNB1APJIWSxoT99Iwb7K	\N	2021-10-21	14	2024-08-01
512	20	iCfbylky	ApKUUbLl	gCXeS@example.com	$2a$11$YWrLHPEs73RGARm3xgTMxOiJEuEEyoGEA1p3evBrYiHf8v0JQRIf6	\N	2018-11-28	20	2024-08-01
514	6	NCcHJDQD	OikPiiXb	cqYqp@example.com	$2a$11$3J5TSDkcY/7O8OH9sepYJOM.5RX7qZ1gsAdfqGiHzYahqDJrhsoKe	\N	2021-03-28	14	2024-08-01
516	11	QzcgvgdE	raLfpPcC	QwQnD@example.com	$2a$11$2gjTq0P26YdZDGTkBAWm3OZ8Jf6pT4qwcOetMhR2L29BKZopjMalW	\N	2022-11-27	14	2024-08-01
518	15	niGfHQaB	mLgvHVMC	QazWR@example.com	$2a$11$8FhPt3bZoesg8jj6qWDTNuroW1YehvBPsJWDuPahWNTTDn0iLkPs6	\N	2022-10-10	14	2024-08-01
520	15	JSLBIfpm	DJwUVBdu	nMHpC@example.com	$2a$11$S1wm4o2I9Qr3xQFEtiJcB.24qJgFvRJ06IfN1JogMd7E1.UUuC4M6	\N	2023-11-26	14	2024-08-01
522	5	YNFrLkub	rYIHXAmE	sGuQF@example.com	$2a$11$fNBxU.oOYIzEf4Ee4aGVGuaCRJfx4zmUcYaLY9GohxhhyRJ/ri8i6	\N	2018-09-03	20	2024-08-01
524	5	lIAlWgvT	lLJnaZRt	QmLjq@example.com	$2a$11$TShru76iyVAv4113YEE1nOehR3vdIjuZBXXrrIYRHpckKdkVUIKki	\N	2022-06-01	14	2024-08-01
526	15	vYHpnvgr	bjBLyBnx	HtXJu@example.com	$2a$11$0Polcs1KcPVFgnmOJRkpgucg.b.F1QDOnMyiFkwZhNc3dYEbj9Gyi	\N	2020-02-17	14	2024-08-01
528	17	IMnPvOcx	cTYsBxYl	qfXeP@example.com	$2a$11$U3.DgLSqVVarixl0gExYGOPzFGNqKFCLZlSSBCMKKxZ3mM0AAI8Le	\N	2023-04-30	14	2024-08-01
530	6	rVIdupzx	oOMnXSjT	nrWKq@example.com	$2a$11$20CzT4BFAfo0eJOftUIVgun4hbimB1zsxrVvP/mZv0HCGIarBSlEi	\N	2020-08-30	14	2024-08-01
532	17	upxpyFrg	KitttpVx	TXpyt@example.com	$2a$11$vMBZsR.QAM7YCEw5gbOofeIyPmo7evAhKNcTEely94n9CNZju6lDy	\N	2021-05-30	14	2024-08-01
534	17	qevvCzBx	ATrkgwiP	XvAFO@example.com	$2a$11$OMMVXBS2lt1EsVxZ0SiGiO1PspuFmEq29nZ8zC2LGw9DqA5bFpYvi	\N	2020-09-30	14	2024-08-01
536	6	VFNZRlMT	SBZUzAIw	URCel@example.com	$2a$11$qQumJh0IAgcVMUT9P4h3MOHSIkdwujnU21ftW6Fr5WQey7W9EQ/Gu	\N	2019-07-09	14	2024-08-01
538	17	WPfvfdpz	taFIuuNM	PYZiU@example.com	$2a$11$npQuguBr8CgOBJ1J5pGFPuyMRquzVULkjv6Xb.ix5sGdg.7LCf2su	\N	2022-10-26	14	2024-08-01
540	8	UBgTfxES	dQxOHfqh	Wqmnk@example.com	$2a$11$GCCiK7Dl3syEBCZlYFoqTOAHMmqYhM1gzSO4yZp.bIJjk518ni9.y	\N	2021-07-22	14	2024-08-01
542	6	PATmdoKo	kWFBoLYG	FaJNv@example.com	$2a$11$HvX6In3XpFvSjGxiLB8CN.Hi4hcU/h5HzWo709qRrXkT0iszq4aMC	\N	2022-01-17	14	2024-08-01
544	17	AqGatQkm	dTDNeYAP	rKMqE@example.com	$2a$11$xog2WufVKS6OAyA3FmzvgOJo.oE6wIVmWMQ.UfwpCDe8x6V6JtxfC	\N	2022-05-05	14	2024-08-01
546	16	bipTyHlK	HPKxwMcA	afyaO@example.com	$2a$11$RjKeYDqQ3ftZTib3ZNSNPeM53fqSiJBIkJUYB.hdOMbM6XhvTqPOW	\N	2020-05-09	14	2024-08-01
548	11	oKreTsQO	xDUvVMjm	uTPAb@example.com	$2a$11$caPVS5Oa8xb/K2pCnHka2OvMXq77Css9jtaQ1jvlqb1h9qo9BUGAu	\N	2019-11-03	14	2024-08-01
550	10	kSgYiYzm	CXYnphkW	OqzOB@example.com	$2a$11$gACuZnLw/feHIof5ghCbzeg/B5nBpQrM6CvS3tfKtqUyk4zBGZxKW	\N	2021-12-05	14	2024-08-01
552	10	KbbOuojS	swNaowGu	lxNRD@example.com	$2a$11$CtRzWZRvbDq5zAkYCcNSFe.7uYiclBNHYZsCgaV2pHPzB0y.ZYWLO	\N	2019-12-13	14	2024-08-01
554	17	Yjannxar	BjrEQsLV	HsRha@example.com	$2a$11$wJL740Ha2hMCwUhXP17s/epGTyz/qawTJjzuWKqOMscLcKSjMBlui	\N	2020-07-01	14	2024-08-01
556	16	hJdHzfam	ugbqDoXH	qQGcE@example.com	$2a$11$FFjVyrNeBLqSrJ7.LQrRbOvR3uDuzWpHjypTZy.lJDBNSplCaxlLy	\N	2019-12-19	14	2024-08-01
558	13	tcvkAwmf	LWxBSVBR	kFohk@example.com	$2a$11$7N4TgOdmRPCcAqIRT4i9ZeunFLh83YMGvMTyOBuABzyD0QpKVBZDi	\N	2021-04-29	14	2024-08-01
560	20	EgHpGFxF	xubgLnGS	XoFFV@example.com	$2a$11$ywAze7x.G5jVg86adlZPIuSV8yKtxm2l02PHi14XfOAzo52ZnEc3S	\N	2023-10-28	14	2024-08-01
562	6	XuIeTDgo	hdxXcuYN	ECnsH@example.com	$2a$11$zHhk1aagCNPKq8JC4p2wPevbG./p2.hL5BU0XIVSKvIlvJl/Rvn2K	\N	2020-05-05	14	2024-08-01
564	13	BgcTkvSQ	tpmWIIGr	uUdhb@example.com	$2a$11$9hbuWIM2Hxk47gB942OVg.60WaaKUo0zrM4D3X9yApLiTpbHAt2GS	\N	2020-11-12	14	2024-08-01
566	10	CcxsygvD	OzsYxigw	wOfbH@example.com	$2a$11$8GEIJ3TkmD4lkzcvlHtvxO9UEXlZfWg9mxdXGtoqLXNjp2xYEJwRm	\N	2019-01-12	14	2024-08-01
568	18	vbLrKriN	hFGgXqtD	ldDLn@example.com	$2a$11$UOvaxvw7gl.Ddu2k7izQ5eXez0CSw9TcFjBhYbjibPt10tAdZkbXC	\N	2020-06-10	14	2024-08-01
570	15	NrUhjTqC	kklkueuv	dMbvx@example.com	$2a$11$Ee5KfpJzk4bRgAv5JZAIGuM0mbIpkEiHEA5MPH1RgkxzE6Z/bkE5m	\N	2023-03-02	14	2024-08-01
572	17	enNCbGIs	UbPhcZFj	bSkQS@example.com	$2a$11$py6X55daH/Vdr5nB6sxpLu1VW2AtcWPqV7Ii7KJ0RObAP.hh9TdCy	\N	2023-03-24	14	2024-08-01
574	5	sIYxFqnd	JsDGuVEv	CzSir@example.com	$2a$11$emSEeLy9f5kInNlcbegYVuFM/cpLKO755n9u1UG8Lm3CKiBYutRUi	\N	2020-08-04	14	2024-08-01
473	9	UdrRwZYz	eMhydPpF	ZnMUX@example.com	$2a$11$VOzofeG0/wiSttPp7.7d5.usjDxH51LIOMoxgp9zrPAWvZpLDEvEm	\N	2020-08-17	14	2024-08-01
475	11	yTvzmYFh	ZMclMjFv	HYTGy@example.com	$2a$11$4W/nMHn5J14tjTSvLvu0.Or9GT6fXSysgb3KtNvo/wnS2t4PBznQ2	\N	2018-03-19	20	2024-08-01
477	5	TgZLspuu	MtveHqKS	dRotM@example.com	$2a$11$rwmxi1kGiqwA82N8oOflqeu33Eq/fjFaHoo/uTC0x01utyrZl0JmC	\N	2020-01-08	14	2024-08-01
479	6	lUTojECW	AGrUoogy	GKeQF@example.com	$2a$11$mUvdyD40ZNi8Klw.i5rGpeAgdBMtaQfqQxKluqx.7POI7iwPxZ32W	\N	2023-07-21	14	2024-08-01
481	13	pksxzyrv	avGArxnc	mAMfe@example.com	$2a$11$qzYMGO/EbKXeq3qcZ.J72.LKUVKBWW6QW4oxtxWhN0KcQj7LyVKFG	\N	2020-10-08	14	2024-08-01
483	13	ZEjUTQGR	EKGnrkUy	mtAuq@example.com	$2a$11$axUaOdb7P2dmd5ZmJXcBSu/ac/kFqWZ71bCz1fliy9GXqn33IzH62	\N	2019-02-02	14	2024-08-01
485	14	nsbytZIj	uQXtgPkv	ApZhT@example.com	$2a$11$3CU2wv20fWn.7HZUIqpBXeymWkLarVksPq0ooLgdj9Q9BGlgdNtby	\N	2021-01-15	14	2024-08-01
487	16	DIdyhAsT	dFIbZYeO	hMpzn@example.com	$2a$11$Z/bGaBjlZt1gdmmekYX.R.f9BnfJyiUwQSNsOtoAN7j2RlzDZfhUW	\N	2023-08-19	14	2024-08-01
489	12	uLcAndyP	yoXwEaXR	yhIOI@example.com	$2a$11$nsR3dcXOlRrt.e1wcYB5z.tB.wRoRUNUJirODusDHjRbpHdqFw77i	\N	2023-07-10	14	2024-08-01
491	6	iXYRoehq	OprvEiJG	mJXiA@example.com	$2a$11$YSwA5TDh8xHL9jzqBx79o.g8B8VsM3VYJCexWWbpHXt9m2BwDtkKC	\N	2023-07-20	14	2024-08-01
493	7	bnAIkwgS	sRbasBCy	KOkyL@example.com	$2a$11$dnJTScepAEbk9A.GiGcPrOGJ9L6aQt84FMdP9GxSHO.PCv6mihdDS	\N	2019-04-18	14	2024-08-01
495	6	ndKoPzUQ	buBfMzek	QiVDN@example.com	$2a$11$mb3DsGRo3XgPO9syfGT7W.TqA1h4XS98GQiCb8klZURUSDUzz8PLy	\N	2021-10-30	14	2024-08-01
497	16	juQYmlDU	jPBQlWHp	XrMaY@example.com	$2a$11$YpCixmo.1eoHu8HfDuxhBOzddwPn8jJM3BAMnd0WLsnS/Ah7.bWxe	\N	2019-07-06	14	2024-08-01
499	6	UzvDcoHI	BWHTpfPt	qTzDK@example.com	$2a$11$DPkb/3m.FW51oZwts219AOEqRHmJUKRrIqEZQIKwv9pmwy1FlafdW	\N	2020-05-23	14	2024-08-01
501	16	hbWPOLpA	uSPTLKSg	CKgOv@example.com	$2a$11$sLxRwZyLixWDWyhq.vr1ruB2.z.XNnGo/N5QedHqNzMffqv8veXZe	\N	2021-10-24	14	2024-08-01
503	13	TxlVJIWw	NgBwxcdn	JQhxz@example.com	$2a$11$MiH8kBCVuclYh35XWPH2T.nPiGuZBhST78dGCZwr.U.q6vTvAqzaS	\N	2023-08-17	14	2024-08-01
505	13	VlYswyTE	hshZSslm	GszfH@example.com	$2a$11$aJzBgpzxDNqZNwsYh3VWvenv/cTaYRPrMkoarA.ascA1WdgEhLIlu	\N	2018-05-17	20	2024-08-01
507	8	JFFNmQmU	bQJbIypq	WEiNW@example.com	$2a$11$kk8EHd4UEjIgftVbYjYi/e5f.ZxPyLpDtujaldak9/9MQb5iJVJvu	\N	2021-08-07	14	2024-08-01
509	13	JJMgyvlG	NwtWENWf	JvBXX@example.com	$2a$11$b71tVW75qGApxb/wayhQYeqSiVPXkaWgj2lPMrkcuP.mmWRRGuhZi	\N	2023-12-28	14	2024-08-01
511	19	mXEnavaG	mHKbKTUZ	nXVAj@example.com	$2a$11$w6.GSOAwiUAU5clMFVvgquJFXdtKfbK41jE6R9VAjMujn0eJ6JAda	\N	2020-04-05	14	2024-08-01
513	6	quLwcZdI	eYRWWQAf	yHYJF@example.com	$2a$11$2tIpT5yQCmQn.QLfoa77U.xBtQUNedjawcJmjhzRZm2.uWEQOZINO	\N	2019-03-28	14	2024-08-01
515	19	ZsvdqlaJ	ogxcaSQY	cTCMA@example.com	$2a$11$Hz8MZ44qD.JZlWV6WfCOguCkpzATeJUC5SVNoPGkk4O9b9/4W/SD6	\N	2019-06-25	14	2024-08-01
517	12	AWGdPKDR	AkBWLtkb	dsjcx@example.com	$2a$11$d1hj0EhcmkSIxASetZoSleeg4vPvKoO4jBzcbi2pKfE5R2euvQzC.	\N	2020-09-14	14	2024-08-01
519	11	YEykXaqA	SUNCxuZL	gRLlJ@example.com	$2a$11$YhlyOXAigfaKhO0Mprm3mudBxTDDWUOu3bIVAeSuBzN5kTfQSO8WO	\N	2019-02-22	14	2024-08-01
521	16	jcSPtzrC	RGCQKETs	wpzgh@example.com	$2a$11$FPxCceWi2HYBnimqy91XaOxXiYEIOVv6aLkqPw0aekMIwDrPyg4qa	\N	2023-02-07	14	2024-08-01
523	17	hVZOBfYC	XGFLHTSP	uJZjc@example.com	$2a$11$w9nVR0j/kZmxxZx45SOcJOXSBhn5dIKtH2Xh7FXayIwfO/1oIYuP6	\N	2020-07-03	14	2024-08-01
525	13	VQoORjtd	dzlVOhvP	nvIJH@example.com	$2a$11$LHf5WdyJV2epSpz.hXoIy.JujP8KooN7vz7wixZJBS6EMM8/pqqv6	\N	2022-09-14	14	2024-08-01
527	16	JEwKqbMC	VZXxygsH	hdtdN@example.com	$2a$11$ctmTqmM7BEz6IUZo5MY.ZelAbLlNTZ8a02B4uNkFHiAvoEQc.ZV..	\N	2022-07-11	14	2024-08-01
529	12	wRDlwfuz	KpXZwScw	ShRVR@example.com	$2a$11$3ZRK7ra0/T7RtYp5aYnPb.1RiGdwPCxA4FwOY95XDByWnTwoF81qa	\N	2023-02-23	14	2024-08-01
531	7	wOvXMfXa	HQcNvXrH	RKXar@example.com	$2a$11$L76SSDnVM2F0W/GM0eUyneg1kzstqfqUm/0b/489fR7t5JSuQubTO	\N	2021-06-19	14	2024-08-01
533	9	MkXpcebI	lUNGbpjN	QtKnJ@example.com	$2a$11$nqXgBcsJTGhiygESdIKnqO.tSDOPAobdK6qouQ5nvjBpc5p.4zh5O	\N	2020-07-10	14	2024-08-01
535	7	haNfDvGP	NoNCojJY	bVoTr@example.com	$2a$11$9ynnjIUccw8h3pe4DMOVQeTe3/FSn6fqZ1q22Qi0GHGX4HGgdf/OG	\N	2022-12-14	14	2024-08-01
537	19	mshpOMly	OJFZLDUb	qWIfE@example.com	$2a$11$gMxsfnfMkdMzz62HXrnen.vnkbrkVtbAkKi8IK3pxbXLFZhzt9qdy	\N	2021-05-15	14	2024-08-01
539	13	ENxXliHs	yaKGsYLk	rQGqz@example.com	$2a$11$h2f4Awhd4cX6KwYP1NkaOOrnSCSTfqU1gx5gujzCjsDOHNQK73TlW	\N	2019-11-27	14	2024-08-01
541	9	ftIEtipF	SxiXXfzC	EbfID@example.com	$2a$11$BtCx/NX2vyqY6R9e/3kLnO4AE9/VxkcSMZTzm9eYLeWxohcs5B/2C	\N	2020-06-12	14	2024-08-01
543	13	FOlBNnVT	dhyJtdNM	AsCXP@example.com	$2a$11$DcBzG5olNSBj8l/cT51En.GOZPL5NxzObnga7v87bLDM2dwueJBGu	\N	2021-05-15	14	2024-08-01
545	15	lNcaOJhN	vXuPgrFZ	cxwyJ@example.com	$2a$11$5BupDlPRRDi7tQNWBE9j4uzuGBRfCKfWno6NgydAPgH1iR1XK54zi	\N	2021-12-16	14	2024-08-01
547	20	YjaClwtJ	MmIxPGHD	WHkHs@example.com	$2a$11$FuLtO4zzBbTiEhXonIhv4.OBtnRAWIAYh0N3HTvKT9pgyioa64VgW	\N	2023-02-20	14	2024-08-01
549	17	dFqLffYn	JgOzaLlz	TPyeZ@example.com	$2a$11$hzoDCWrBLzjsDJgXc6qiO.9IqJlnf7CzrxLV34bg0AjMT0Y5jvCUy	\N	2023-07-16	14	2024-08-01
551	5	WQYWxzba	PUmUNOkH	JJSTI@example.com	$2a$11$s9slBUpbrYlZXd.UEb939.ioe/NuKqdRLDlfkpSwLBroPweCM68ZG	\N	2020-07-10	14	2024-08-01
553	10	wCeqlrfx	EvjdSMDv	XSpWm@example.com	$2a$11$uRrKxQdCqrMmeCO.mZGbyOQ19TDD44HUgQOaO/y1Jv1i1PW0Mufz6	\N	2019-09-21	14	2024-08-01
555	15	gMSoAVbf	jmXNsXEm	pIIHO@example.com	$2a$11$Jz0bnEo0wlFLtXtaVLGTteI9GLXuieMnRT1gClCgLlkc7WaFZkV2m	\N	2018-07-16	20	2024-08-01
557	12	cHrUiTjD	PGuxGsjJ	eQosP@example.com	$2a$11$ICWZqlut95d49pFvXChZbOVhMqwm1VL0Kz6d0REdWl2XXiV8E2t0W	\N	2022-09-24	14	2024-08-01
559	19	lWwUKljH	EACFOfrp	UNpyO@example.com	$2a$11$iikOu86KP4lLKwHJtSlQg.8JcrgWO0Qynb7DTAyFJZ0/NAc3jthSC	\N	2018-01-01	20	2024-08-01
561	16	edcWMOnb	CEBvWNcE	Pwxht@example.com	$2a$11$mLhRZ9KrSoVt.hCInZhnm.tAw4tjdb9/SD/h4oZ5DfiWaxAbChjXa	\N	2022-09-24	14	2024-08-01
563	10	AmHFQptT	XlnBvEJk	WvXxM@example.com	$2a$11$RORvwN5jD.PM8.WpmeJYHuQEZLuH9rAez5ddg1K.Ehae.YD7.i7CW	\N	2022-01-17	14	2024-08-01
565	13	pcoSlqnM	CNoAAAdb	SRgOJ@example.com	$2a$11$Ehkr.pT7bapy/hyQAiMc9uHBT6W.wFwhNUP04U/6WNWFKsqO5Imf2	\N	2022-02-07	14	2024-08-01
567	13	kaDDIhOX	quiHVkLR	diHrJ@example.com	$2a$11$DaMbv/rFfROcYynyR5E3SebmCbNvZbwVO/hiwilLQJTEi1QVjbK.m	\N	2021-10-12	14	2024-08-01
569	11	HqgxTjsb	oKAgBqux	AVjNZ@example.com	$2a$11$XpuZIi5iv05WAnCv9qxx5urAVSSZVXMXiR1..3alUAzDmhQqQdyxu	\N	2019-08-03	14	2024-08-01
571	9	wmyrJaqv	tAPzgXan	rEeDD@example.com	$2a$11$aASQDAm7r8Ik7EhHfdqmFebcvFs8D7zj9WS0RZEQ48LkkX817F.IS	\N	2023-07-07	14	2024-08-01
573	7	kVEjpzAR	DcvdqRQt	ibqud@example.com	$2a$11$m108wIz60IYxnG.9xCWqpeRryDmE1G2xMk1FxunPMMGP9cEWzzKG.	\N	2019-08-22	14	2024-08-01
575	14	frCorzoL	YYsEkmJo	dqZTy@example.com	$2a$11$MHzPM.UtbMcUKt.ycsrY2ODSDY2jew97Yy9xCDlHWNk0kmU52P9hK	\N	2023-02-05	14	2024-08-01
576	20	RkvwSxQh	oHeMlbzc	AeTiE@example.com	$2a$11$OvzMFuvlQwRsXsPV8YyxHuuCn.agvxqGkux.v2G30n.QJ3b8YtSrO	\N	2018-01-08	20	2024-08-01
578	8	roKyAnUx	fBCLTxEt	RrLBS@example.com	$2a$11$FZPyjegqw5YWNPU5sJzWXeCDj6HPsboaeN36pyMDlxQ2uOBapmgDm	\N	2019-07-07	14	2024-08-01
580	8	cQaRWMxC	jJQLPsUo	EVDce@example.com	$2a$11$9RsHgGM6M.jiIKQcsf/iCeH6pd2ATOw5zJRQtF6qBxo8NAphK4caa	\N	2021-08-01	14	2024-08-01
582	17	vZgiOkDt	ssuualxN	FNvHt@example.com	$2a$11$Mfd9oXQQhSeayzJR6TgtXevbMsiNIBkJtDfk7RB/6zbeUAx7.C8Fa	\N	2020-08-08	14	2024-08-01
584	11	ZZhxJLQA	QpekAWCQ	BIQnF@example.com	$2a$11$PwJAqbfHk.ebGKvJ.C0DkekZhmoG2Xrg4pSYzWQ7iLih7DWdsgmOa	\N	2021-07-05	14	2024-08-01
586	9	ZRGvNugz	hAzMxrfa	cdHCi@example.com	$2a$11$zyWU/ZXIR8WwCT4wjzzdyuV1uBdwx8BvvdJCHQW8NHK0jtNC0y/zi	\N	2018-06-12	20	2024-08-01
588	14	VHLjSHQz	vppgRLtu	EqZKJ@example.com	$2a$11$n4uPrZThQnixFlkK2akfzefJM7OUw6HWigP0TytGplqdRkHL.ZPCu	\N	2023-09-29	14	2024-08-01
590	5	luzJINoU	VFUbHJNo	zVtXH@example.com	$2a$11$eIAS1wf1XwGRtVZv8ZuPE.i2723N4hecRO.oJ6eGYoRATVnSNvj9e	\N	2023-04-11	14	2024-08-01
592	10	ynspqdUl	rhWblznq	dZHdd@example.com	$2a$11$hSMiEnwyYBiVeaHBGol7g.G7bkYNFi9cXN2IVqXfEt5OjS5cgyjim	\N	2019-04-29	14	2024-08-01
594	17	fwddWxRM	bZkewKkU	AoRvC@example.com	$2a$11$kD6JcJPtZXBpZa2U7NQXhOskGNS4cPYtsy7FRtzKvNzcWVa7cuwZu	\N	2021-05-01	14	2024-08-01
596	20	DejXaZaE	lRkDreAR	vzYVi@example.com	$2a$11$HjCHVGVQ8RMIXc8Cq99lSuBPREX51W.Gm9DAXrcCFtU/rBzCtMyVu	\N	2019-03-17	14	2024-08-01
598	6	yVQiWCCb	AbCfxhuR	gzBpB@example.com	$2a$11$gS3n/3Yqs.eFPTxjbtx2Oej8k.HUFHIWYmz/SkO7p0bccJpX4k8IW	\N	2020-11-09	14	2024-08-01
600	15	MzcnWoeZ	SrzHIWjQ	vGjEs@example.com	$2a$11$ILx4FO0/ZUGy.YycisSlL.MSkM.wIRXe9SVH5czyCx1xuTuoTKbOW	\N	2022-10-02	14	2024-08-01
602	14	gAOOWkPF	jdAnfjLY	GMVtM@example.com	$2a$11$S8CXh4khOlv8YJ.YT7fQa.lq8jfH20V8F70v79VE4UwKoA0UL6WGy	\N	2020-12-09	14	2024-08-01
604	18	WpLScgoV	NbegYXtu	HXags@example.com	$2a$11$/F6zRSPaEOTMloMDtbEqW.VdQPpCFZieA6wczSaOsjN2BexFwYUXm	\N	2022-02-08	14	2024-08-01
606	17	sZfQoAfw	UUzfszDR	nCJwt@example.com	$2a$11$60ovadN/oq7LfSDM6g.boeVGW0Ob4W9Fk6NDGJCeGWNTxvbAiwIFq	\N	2018-03-21	20	2024-08-01
608	20	iNbluDNm	OkzNZIgi	jGeyy@example.com	$2a$11$mNlaj3VK7pMZVjvMKl9mJO/TVR9EXR53OTEBQ66r7ve2.VJTcaZgu	\N	2019-11-16	14	2024-08-01
610	10	xGtcclKj	TxHndJGj	aGTbW@example.com	$2a$11$QkHfHdG5kCH2jvzBgS6OBuje6aH5Iu2/OO46BLVY32Lc1CGV1K0MG	\N	2019-01-05	14	2024-08-01
612	16	TKAfslYQ	uirkazAa	PDywj@example.com	$2a$11$vEcWWi8GvI3aF44Bs8SpgOUDErbiHAhBNYcxp80RBr3AKjFxaLGzW	\N	2020-11-11	14	2024-08-01
614	6	KXkkBDtm	rjgPwQim	RrnsX@example.com	$2a$11$G80Pusqol1LEBOccsQ5t9Ox5d1D5VLtf0.ThMYInsj2cSPMQDrmJ6	\N	2019-03-20	14	2024-08-01
616	15	ltRBYpdR	PjheamSI	sIbYo@example.com	$2a$11$q2/nGspwkP5nsVLt0hXDOeVfDqerQyyTUbrbxo4KpE46FEO.WqVAO	\N	2020-06-23	14	2024-08-01
618	12	oKqfZGRN	aXvfRMck	HcejA@example.com	$2a$11$AHOgcXrIFUm1RPYlRGaSOOkp.xCgpnkwEa5yWE.eJEpI1RGSaKeMu	\N	2020-04-02	14	2024-08-01
620	5	KdhHShmD	CrxHopxv	BIQvm@example.com	$2a$11$5YtDmRFJ85NmflBHJ6hLnOUhAU2GpQaTG2POak3EjA7ZP8LdC9zIG	\N	2023-03-05	14	2024-08-01
577	10	tIFhOmXA	WWuZGGQT	LlTuP@example.com	$2a$11$rPPgj17VGx8LmjK9JNwbZODAwhND9lVaa4pavEzYVyLpKo2TL/vZ.	\N	2023-10-14	14	2024-08-01
579	8	PQutZxwu	OWKcjVdX	yIWwB@example.com	$2a$11$Y0itTMGYZBVgmauI.JYwp.PJWu9oOtnq1y.UKIPjsVlv/FmAvlEPK	\N	2019-10-18	14	2024-08-01
581	18	FeznzVgy	iGUeeXzJ	mgvCA@example.com	$2a$11$b2QipWnana.KMgsdOR1CZ./RHgdHAjUHpXCnlZwlyQWqsAEyC7h56	\N	2019-08-20	14	2024-08-01
583	17	QSMHvNNl	mwQnunrL	AcCBC@example.com	$2a$11$FCiGSpT3kAQE83fx5TrAS.UcFe/kkfwTfSPOQ5fTP2hlzzcoKGyfi	\N	2023-01-24	14	2024-08-01
585	13	ZVtCpoCq	pnwfndeL	dHqCB@example.com	$2a$11$gt9EznM2lEfCrTKXYxgtKezcHwgWTuwIKRykezI.6gwtYHEA3D6IW	\N	2021-02-26	14	2024-08-01
587	9	jXjEOJEs	bYtmdLAK	PJtym@example.com	$2a$11$1D36kcePjvfCRPLqFqEHMeFa.u5a3Dv/kft8HJ4diASGfW51IKBW2	\N	2018-11-09	20	2024-08-01
589	15	dpYWanho	FzuZZunz	tvOrE@example.com	$2a$11$78eAslosircOYDY9QPYWKuLe4kgULc2QtTrXWIOXLAThYeLc9Pbsy	\N	2019-05-16	14	2024-08-01
591	13	nXgNDavC	qbTxTKrf	hiMsQ@example.com	$2a$11$p0hN.qhTqOr8Fb2iKL2lk.3Zw3leX5TK425y6ShgSkYUQ1JGLNzyO	\N	2018-11-15	20	2024-08-01
593	12	DjBCIZZJ	ekmMYQBt	RNUVX@example.com	$2a$11$1S13ZqgpfOnw.M/uUcvSzeCoLrj3hAomKgXVh2zYmgzprH8pKRqYa	\N	2023-06-14	14	2024-08-01
595	12	mPnAzths	cQCEYeIH	lZCfH@example.com	$2a$11$LEGXlbgo8UBit7nDhOHzKu/7PMhG22zmReLSCqfmKc1DiQko3V2TK	\N	2023-01-29	14	2024-08-01
597	9	NXWkeiFD	CqdJNMhP	uCFtK@example.com	$2a$11$jaivJRFSUS167D.Rsj1wXOpLFbXk53qFkexlFmL2yXufEfl2yl4pK	\N	2021-10-27	14	2024-08-01
599	5	fOSVLEuj	shcJoAfc	wWuOk@example.com	$2a$11$vkK6V.niOW1pqpeszhg44.iR5QHIlNppruCV32nxaf9S3nKWW9KKC	\N	2019-04-07	14	2024-08-01
601	10	hhGInYsU	qnLFHFan	igaYC@example.com	$2a$11$8FudVZh79dF16HPbEOyTrOBF6qPyfW.FwYiHLS5Z60ase6sZYKpTS	\N	2023-08-04	14	2024-08-01
603	13	BSLoFwsZ	sBFsKoeN	rojMM@example.com	$2a$11$zvSpEANxg89WLhoHgfuDKeK7SYBgBDK0Zu6W5ogxDmwMRb6/07c8y	\N	2020-12-25	14	2024-08-01
605	9	xwViMeDC	WKMporvI	SBaNH@example.com	$2a$11$YaYaGjE2IQ9NQnBrxInTTOFibaqIqEqQhONpzwfimtN9AkV21bsZu	\N	2019-03-03	14	2024-08-01
607	7	gAGulXLx	dPYoAaAP	bKMNN@example.com	$2a$11$oFoo5CHHUG4BWWcJVWU1f.fd6S8hQH4WX4V/MVgm8MusSR4uV3jg6	\N	2023-04-03	14	2024-08-01
609	20	ZYwIqoFH	gUEFnVAW	nmdWr@example.com	$2a$11$RJI087aiV1l1QJGlhCF78OR..nDxR9sPT.cZ1AnUaFIQcuFILJ1my	\N	2020-01-04	14	2024-08-01
611	7	wGAFmLRS	crcDMVII	stKCq@example.com	$2a$11$dJwQ9JRUrv/b2u7fCP2/NOHoC.0odlGnt0bUW.Wekbh/rHqdgm1Gm	\N	2023-02-21	14	2024-08-01
613	12	RRXXGqSF	YLIppXmq	llbuS@example.com	$2a$11$TZ/G4WO8raoacU8N3poMs.e0zGt4T/m9fhQaqjJ/8V2bkZspw6Vjy	\N	2022-07-22	14	2024-08-01
615	18	FigTfCWM	FkSEdKtd	axvjZ@example.com	$2a$11$XpulJlt5pXYT1v8gSaPAi.4pjMqKw3CDqRygyJW3tVetcjBPZJLp2	\N	2021-07-06	14	2024-08-01
617	5	iGFNZzpk	GNWAxBBB	kJVWS@example.com	$2a$11$PKTsNsraHy2hZ7smR/iJX.wgXShzllHTnJEo8ob65tYzS/jvMKGTK	\N	2022-02-05	14	2024-08-01
619	20	GGyUhFJV	mgfivYNU	dJHry@example.com	$2a$11$sEqPYKGQ7o38nkSSS2Y6lOSH2M3i3GV8bhZoPN6cNEgNg8rFm6cbW	\N	2021-01-02	14	2024-08-01
621	15	rlZrnVca	mDEQRHHm	PztDN@example.com	$2a$11$t.MoYrutD2NyPM8u4.cfGOPlhQ59dzJK8XJyZcjSfFDBQxPx05MIu	\N	2019-04-02	14	2024-08-01
622	17	WBaQDpiX	ZMjtjYKT	eZlmU@example.com	$2a$11$FIxZzacxWEePhxUqooiYkeTA9h9pPx9mYN0MY1gHWuXQSX/VNeS6W	\N	2021-01-10	14	2024-08-01
623	10	dbCosLTL	fATLfGgl	zXtlv@example.com	$2a$11$rI1fyO0HEeOQ/ChUhobSVuYgymdhHINsypCNHhK5zTvlaaN.HZG0i	\N	2023-02-03	14	2024-08-01
624	13	CAPYkUyR	khrLDmbt	xlrzt@example.com	$2a$11$ewyrEp3.hm.eqeRLRcPPsuMSYHET9Gnx/.DbxkHVQJDZbC9b7m4bG	\N	2022-06-25	14	2024-08-01
625	9	drCkZPRU	thuOgCaa	AgHsi@example.com	$2a$11$6xkUjsMO5tz.DBXrfkK9te5MOZ.jLQ6qfr9Zni/oLHNuq7msYZU8i	\N	2018-09-06	20	2024-08-01
626	20	qHHCntjX	IyXlkcTQ	bYXKv@example.com	$2a$11$GAll4DukrjCIU34Lq32rbeViz5uqK3/.NroGWq3RtXefm.1gUYazS	\N	2019-04-29	14	2024-08-01
627	20	gYZRTqjC	rQYgHdhC	bBXCP@example.com	$2a$11$W/mwv4oV3v54kKL2ay.6PeBs/Kg2amvtWCvhokskIP2yfCvCmziou	\N	2018-11-17	20	2024-08-01
628	17	nrNllpJr	ugPuZvvH	OeoIk@example.com	$2a$11$NwtOOQmz9DoePby/SWRbVuQew2q3vUmUnoGMUT9aYKninAzwm8cwi	\N	2020-09-25	14	2024-08-01
629	19	gVEZOKCq	oxBUGaIv	TXYtr@example.com	$2a$11$pE4Zi4hJVT9Pzdh.2Fz5ee6EN1hCdOzV0GvehbXCCY/WsQqUGbdwy	\N	2022-12-30	14	2024-08-01
630	12	lKEJHPwF	kHAeJgzr	yPaPJ@example.com	$2a$11$JfJEux63OiE5GyGII5qjD.4aM4AvAtpW5srfOGV9pXpt0IMlWWp7m	\N	2023-09-15	14	2024-08-01
631	19	znRmSaxr	SmqqguVp	NuilJ@example.com	$2a$11$lJReXDTdTyOOX.62oULdeO6ZBkhVqXjM.RBthopa.C9.PPpYnzyS6	\N	2018-06-27	20	2024-08-01
632	14	XNzFGarg	tscXcKjc	BJmeI@example.com	$2a$11$Qqsa6oToCSerc1o27vGieutL0F/5irQxMplPIdulC5CeWpAB6Axhu	\N	2019-09-10	14	2024-08-01
633	9	QLtmLvUd	BxoDQDce	sXGnv@example.com	$2a$11$EHW1if0wPUocimMNJkI71.RRYaDDux7gZPkQoRJDggFhG0A0UqRCG	\N	2018-10-02	20	2024-08-01
634	7	OEsgDEZs	QjTPdfUM	Yvpzj@example.com	$2a$11$oihhjhnHWsWqDCdQLNBSLuL4p205AcRkBHLlzN1V.TUeBk84Qfu/y	\N	2019-06-03	14	2024-08-01
635	10	hPcRASAK	GCaOgNLl	LdvxO@example.com	$2a$11$bACmhgb2vi7IKU1NzKjHoOwpNYf5aYJnRJYZ96VSp2MkWdkKl/XXW	\N	2021-06-10	14	2024-08-01
636	6	ZLguObFu	UrYMJJSP	HlvQu@example.com	$2a$11$IqPJAjXJp9udH.Wjc0S1.O5FFKdQkrBN9FZkJI46Z6ltoNEe9SOlG	\N	2018-09-28	20	2024-08-01
637	12	vIhDXkqn	mTyrgJlZ	zCYRr@example.com	$2a$11$qn03q6FXxKZP3FztuRDl3eb09xYZBpX9NtdjZNNlgsEBYNwNTqE6m	\N	2021-06-09	14	2024-08-01
638	18	exCYaqhL	uaKIDSjR	RoYka@example.com	$2a$11$zB72spCGU.JYTQbSzdrPuufsBqvhkbqOcw5hvoQ11UHCne8Faig7C	\N	2022-08-24	14	2024-08-01
639	5	jRwNBMsz	OHBNkkos	IUNwN@example.com	$2a$11$LbQdvxmTKdnRJrPDM8RmB.5dcq6pBbvURoRvlLcVEtaYFUuKsYNxO	\N	2018-09-20	20	2024-08-01
640	18	NijFZNwC	eMRxAals	mpODO@example.com	$2a$11$SIQ4zAEj4IwU/GLfQKxS5egA9sqxCjIProNmC9lGZNN7jHjvQBpLK	\N	2023-11-09	14	2024-08-01
641	17	qULgQdyQ	zfVRwkhJ	ISbRr@example.com	$2a$11$3m4RHiL3nx0E2J1i0waOIeJHD.CKLjg5tT9mnvZlcp9oGwWYp7IsK	\N	2018-05-24	20	2024-08-01
642	18	WzAYZNUI	tMOnycoh	EEvYx@example.com	$2a$11$MU4j/T/rnTh4eXohhsoSDe7wRWS5K1nFVcuYu6PHhxcgEUHga6XA2	\N	2023-07-27	14	2024-08-01
643	14	bveVwxLC	LFOMfSMi	mbEnO@example.com	$2a$11$emNbQyv1UvSxKYIBtf7fmu6.FK5anIJg//XYN8Lfw2WkIJjt5Tv4m	\N	2021-05-18	14	2024-08-01
644	9	CvnrkhNx	kEivXUNs	KCRsl@example.com	$2a$11$EVsW.NDPsjgmiZUOZPLiQeQQp8CkmIVTJFEuOKku0hi1Y5sbVPr8C	\N	2023-12-22	14	2024-08-01
645	5	sCSnNJgM	gCkaTKYF	qsmgU@example.com	$2a$11$1oOEokXJw/vAUz2AmDlfhuObC/JLDKcxvMJk8H6p64rOlLzadmnSO	\N	2018-11-19	20	2024-08-01
646	14	AhwFUPQz	bakycizT	noNbK@example.com	$2a$11$ydvIMMDlRgKLfRkvz21i6u9b2xblSf6hmJgV1oLjyj./QLWOJjXrG	\N	2020-07-30	14	2024-08-01
647	14	JwZsAxeO	SQSSEJLH	ZayVm@example.com	$2a$11$u9E3vRItaDILSkciRnzbOe3x4AT8BXPNozaoUxSaJzC6IiWL9KI3m	\N	2021-05-16	14	2024-08-01
648	20	erWXLdCQ	RUhUzpIk	Ytlgg@example.com	$2a$11$3GMhIJCKS5mPtbkmY.9nxuOyKgc6L8huCKTbA4GpRtAIOhpUO0p32	\N	2023-04-19	14	2024-08-01
649	14	SvdYyejm	MSjiMkuu	HQqWL@example.com	$2a$11$eMx597rBLJOIK0PINAord.7ZS3wDBbWPjCj1bNx/cURQ2o1girEc6	\N	2021-12-24	14	2024-08-01
650	13	VrkmcqbI	mQxEBIfe	EWFtj@example.com	$2a$11$b3EPqIBannQbd5Li970Jc.7aqXdvnwTqSncvEOStczu.POpDgVEFq	\N	2023-10-03	14	2024-08-01
651	16	GFvQjjac	bYTHQmRQ	Drvge@example.com	$2a$11$8rsuhySy/910TnmrJedMwuZXYSUeV8HL5fkY1s3MZAuEI/iKs3GJW	\N	2019-12-30	14	2024-08-01
653	5	REYwQvUp	POzmrCcf	KYiYw@example.com	$2a$11$sEu/dMc5UlKww4jZMUEiNO2xMQrsfsViW9nnrkY442QgjYz0B5gFi	\N	2019-02-01	14	2024-08-01
655	17	EDgCvGKz	wOQFqhVm	JJetF@example.com	$2a$11$diHONb2bVCtmQGZWj/AXw.vqrJ7p0tynZe9ao8ktxi5pVJZU2Hyta	\N	2019-07-19	14	2024-08-01
657	9	pkREIhgI	JneAVzzp	TavqR@example.com	$2a$11$GyVPA60s4JpmxDkbnZJsluUTj4BaFdbLS7uInjPvIM/pHmQVvBeDW	\N	2022-07-09	14	2024-08-01
659	12	ITQFiYWg	MsRLPDxe	FkVWM@example.com	$2a$11$/1EDbRW4sQNwIrp9pIteOuI0e1dBDsMOQ.IWKVARkJsymKaiUQZfe	\N	2019-11-19	14	2024-08-01
661	16	UXySVFma	sJvPXCBH	lAsgx@example.com	$2a$11$FCtlXYZ.dbjQrrVlOk.HqO.WuTD0pOxciaD1UGsB7Ude9HkmCRfhS	\N	2018-01-17	20	2024-08-01
663	13	LkThlsQt	MGpKyLya	qcGSb@example.com	$2a$11$89Btk3LYGT2JApKyEDmpF.bkNAuaRNku/Nf0MeMhZQ5XmIOXa7gMm	\N	2021-07-22	14	2024-08-01
665	13	zRbFLWlz	RAVDlkMv	xtoPM@example.com	$2a$11$2jiWC6tK2sgTNUzIyY09FeLs1FkWo.5wUOpxZXfhyPThT0QHfvLzu	\N	2022-04-24	14	2024-08-01
667	7	PVCTnLvh	JkBBknaF	ENHSm@example.com	$2a$11$eNyulYCmRpOv/woHhp0sKeVP1LfHa481QZUR5U9fqaVrc3eOqWB6K	\N	2019-02-19	14	2024-08-01
669	6	shMNoVAe	vqzokShn	ZMUhU@example.com	$2a$11$tZq6LhQdWNJQpaQDY./4oupU7DFjh6ziJHDxyjGFuRvJk0xECZL6K	\N	2021-11-27	14	2024-08-01
671	15	NlBzCUGL	FwCpbxNP	nRhnH@example.com	$2a$11$SfIbn12gxC4lVsF/xbbMJe7y6Xqwbx6kAbxjFXHZ2qD70Stox7Gqi	\N	2020-07-22	14	2024-08-01
673	9	iKVaGwWN	yxTZotCM	khHPx@example.com	$2a$11$RczYMxbC7Fr.NpOusC8l0OR0T.qulZPtv9VjWJ6YekkEQ0jYJh8PW	\N	2019-08-20	14	2024-08-01
675	7	LMeRsCaV	KiVMULEY	Awxgr@example.com	$2a$11$YZWVRIV4x151vW6Xk6F4IunwqKzk8bRB6062g8lvuNBfXH5QHako6	\N	2023-05-16	14	2024-08-01
677	15	iPTIpSbL	rXXWKwGN	xUhXX@example.com	$2a$11$oa2A26JA.7Fn3asapyiXT.ySRB2EmFC7tAJUs2h99.2aSYPQK587y	\N	2022-01-25	14	2024-08-01
679	11	rhrUMAtC	ajSuInfq	kRoMi@example.com	$2a$11$eb9.xxAAXTOlhH8QN3ZzJOP05O7JkvQbUJ2xyPfA1XIs0m1X3WVda	\N	2018-05-23	20	2024-08-01
681	5	NqbTXJQR	nLBtuJRc	oMlDP@example.com	$2a$11$RcJfJEMtYAJXdbdYbnSfNOvMPVJceDGmkZvwfsdYEVMMfJMpDf2XO	\N	2021-05-17	14	2024-08-01
683	12	ZgxbTUbM	nMfEgCvx	kGEPO@example.com	$2a$11$zSlyxZ7xJPjU8Rq4FqwKHuozcpdswC5C2kv0/Eq6wFLBDb4YLBeQO	\N	2020-06-15	14	2024-08-01
685	14	CweSjXNK	iadzWStV	BCmFs@example.com	$2a$11$tOPisHgbdBjQCRAxH8Hxjur88x4eEMeUbgSqerJh1TCzsHk7KmE0q	\N	2021-03-15	14	2024-08-01
687	16	cgknwOQc	XGkSqvfD	FogEt@example.com	$2a$11$4KMzXdSb8arnrqxWe.cT1OhuLqGSA9NPxhgFNMaykIeykp9mkcvym	\N	2020-06-06	14	2024-08-01
689	15	WrgHyEcE	TEyjYsrK	bpSyC@example.com	$2a$11$SC5WJsEXMj6g.CvZJG32UuUEzqeMOEXoCrc.CKa.TwKe4yEqqX5ae	\N	2019-12-31	14	2024-08-01
691	19	fWcrLTWR	xQZHhyTk	bTiyg@example.com	$2a$11$XuTtELLZJwjf8Xhxs4N4c.4wVUVjuDNU5w3pvj7yNEIApagLabyh.	\N	2020-09-20	14	2024-08-01
693	11	LEodPzcb	HACoQllQ	TnLcm@example.com	$2a$11$DehHxlEilWXY2jDCoi/y9u75f6/Ew.5S7HYhBwYjHEK3j0zmDiJIW	\N	2021-12-20	14	2024-08-01
695	11	KEbYKsfD	dEMnhYMU	dEKHo@example.com	$2a$11$ertTEOAgozCn28xdsqIXqOrrJTnQWntpw5Zbwir5u7a/ZZi0vvsVm	\N	2022-04-13	14	2024-08-01
697	15	PiEHAPOs	uwrgsWlV	YXeHx@example.com	$2a$11$bCiTlwvNwi0L5vBtLA67z.YzWrFrT..mKAiJsu0Qyx2O7KqMnRJ0u	\N	2020-11-16	14	2024-08-01
699	20	dkOFgaxA	UuCErQGu	bGJZt@example.com	$2a$11$74NJGLS84hYiQWmZoeMB3eYJi6skhtskG1jELaOtX9GjtXOWcKgKC	\N	2021-08-10	14	2024-08-01
701	16	woJVXwqO	YMdYsFwd	dxLFf@example.com	$2a$11$4QyMJdpljHGWeOnEL.4DEuK2UmZYzfHbkOBIW52BhTXZujLPsivlC	\N	2022-08-19	14	2024-08-01
703	13	ewjLTAfI	pOTZOvAw	EVQTW@example.com	$2a$11$bqubRh9fLntOcbQuC7guxeHWJk.WqZE3wApImBBgqSfeDzwhv/TEq	\N	2019-12-17	14	2024-08-01
705	10	nDrzqeLH	paWSZMWX	efbMJ@example.com	$2a$11$miLuKZLI2J28DXswLkqZ1OchSzJEYpB9GuJ4Ej46rgCxYodD6aHQC	\N	2023-03-25	14	2024-08-01
707	18	YAXnrVgL	ZTLXFSeT	qkdta@example.com	$2a$11$0CaPtSl43Ema4uLCq6YpHuSZ2TEOC9pQF36xCOmZc4OBwp7xqEYbK	\N	2020-06-01	14	2024-08-01
709	20	TdLaVaBe	qBJuSlvK	spPSP@example.com	$2a$11$rHSlYmA/Y8M9EkB9dD9Kq.1kK3RDBi2.ycaTFvG2BbkEGUDJm.yAa	\N	2020-06-13	14	2024-08-01
711	11	XcxshOeh	lvXwiMtk	XymyW@example.com	$2a$11$3QMIiey4SQfr2zgBJ0G2Cunk.DlxTyLJbKv7dvlUuntkOGBLZ3x/e	\N	2023-05-04	14	2024-08-01
713	10	VbRIpqrz	szMPaKZO	cXNgN@example.com	$2a$11$GRT0D2Oyyo7U6QMd1CCfKudWkDgFOBz04hpCfnJKW30pa9RBVL5Aa	\N	2019-02-02	14	2024-08-01
715	15	SwEaAsoq	rRrsPgZS	ewQCt@example.com	$2a$11$tQ/V1kA9djdJHmBu81ua3OFTXBXzEBel9Z3fP59j0pUBIwP7LS87W	\N	2020-03-17	14	2024-08-01
717	7	UhuFduJR	zDQwxCLi	itGmP@example.com	$2a$11$vc.PpU2L7VyjFas2mfWIIuTUPcc2xvyUptfe0Yu7ZVhB.GBa1VP0a	\N	2020-04-03	14	2024-08-01
719	20	HRLunDlh	reIAWBDa	NsSNG@example.com	$2a$11$Y6TKQry.SqNTSTMEWWhMNeDdfZ9czpLLmOTdapqiy8LhQMe7dIF9K	\N	2022-11-26	14	2024-08-01
721	17	PapCvAox	CmramQiu	jBGNj@example.com	$2a$11$KiYg2/tll20sgr3eWxReMOPCbA2wfY5rbplrQgeVAeNeoaMU8mcOC	\N	2023-04-22	14	2024-08-01
723	13	BEkYXYiZ	PVnhlXVe	uAAyD@example.com	$2a$11$9y/kgUXIIsaBsTKEjx3mA.840R.mgAvZkgVOMIH9KXax9V9aO09tK	\N	2018-06-01	20	2024-08-01
725	12	jhZYVCSn	qzhLGKli	gcMXy@example.com	$2a$11$ysOAxor1rqVbIznqCWeVXuthaxkI6nO7FK9g4ZTFh704PeN7FTPxq	\N	2020-10-08	14	2024-08-01
727	17	rRhDNdff	CMxtxvZd	RzhBO@example.com	$2a$11$zzlw6lgf0PpLcsMbipRNdO.5Jkp22vSoKA6LTtU.18qf3pc0dilY2	\N	2022-05-07	14	2024-08-01
729	20	hdrbRZVi	kTWffRey	ezNBy@example.com	$2a$11$GqtNB7f.Og9BhlwYeCzPk.dmNYzKlHUeQk/PF6CxDJ3V.C.6d1bI2	\N	2023-04-14	14	2024-08-01
731	13	uTfKCbnQ	JwQKNOwB	OQyAn@example.com	$2a$11$vdZ/k3HRAgvazeKAsRiuqOIqrbQ.UHEUrW2PdWo11xagfQf9F0mxW	\N	2019-07-15	14	2024-08-01
733	13	cqjrjOpo	FNgEMwha	TKwIk@example.com	$2a$11$YF5Zub0p8PAjTcnxL0oTjuaaB4966EBFH0gCyUHRxDY3McfNv5Ex6	\N	2023-02-12	14	2024-08-01
735	14	OHXKfYIq	nalgEVdN	rgzLU@example.com	$2a$11$fBGb01sM6iX.dwvRZbAmOeEXETjVywUz9U6yG6xsfCk7.grUdjUFy	\N	2020-03-26	14	2024-08-01
737	5	wGZGRQUT	enaGDUGS	ETQJf@example.com	$2a$11$YmJERM2tDVpTYgvJ/7a2oeQGnPzkXN/dmvXUcrvi9FIibWkPbzrzK	\N	2018-09-14	20	2024-08-01
739	8	bDKdhtgb	ctajNbCv	QuJKB@example.com	$2a$11$XlzKkeEWZNm3dswNp2xeI.PvTrCwI1PVdBit7J58UIVnmdC3v2jP.	\N	2022-01-21	14	2024-08-01
741	9	brIMXpGJ	EyhahTpr	znKMV@example.com	$2a$11$NWLTWUczApu1GK30uMPZEun8fZZPS.wgQOVLcn44UkMJSpJLkG/Ie	\N	2023-05-13	14	2024-08-01
743	13	voKrUKfq	fJSScWVM	veqtM@example.com	$2a$11$HdAT0mbx2/1V26xG3AN44u2wyRTff1TxtdyFLUYH2Lk0drpp4xCee	\N	2019-08-02	14	2024-08-01
745	15	ShLvBLFx	frQppIql	tuYla@example.com	$2a$11$O0SDatqbyCyf4XPdi3nmpu/hBKDsLgjFjkQ7RSqTnkiVZhpgEJmEK	\N	2023-04-16	14	2024-08-01
747	9	cQkVPbXz	xOEKszHJ	MBBKB@example.com	$2a$11$RFMqgRY.mIGXYSW1SyppYOzehnytxTVY8HAdR6ThvP3E0bye06byK	\N	2018-02-23	20	2024-08-01
749	18	AlkPWLPR	IbgkGvNb	mxRWH@example.com	$2a$11$6Gwppu//7ax61zlsF5rUb.U7mo/IQehw9tXeXqksjcrrp7DEXTFaO	\N	2022-05-21	14	2024-08-01
751	10	yXzMSkAb	gNuGRuTR	cwCxd@example.com	$2a$11$HzfnMUTS9HiKWwIPzQRuc.OhmV2JErcJYipC7DhhK2/bDk9oftCju	\N	2020-11-20	14	2024-08-01
753	12	vLAjMCsE	iXlWzljW	yNwfW@example.com	$2a$11$iCQKxUejk2ScJRchDgV1v.hBIvZ2XmBqE9nuhl9NLFjv1DN5xQtz2	\N	2019-08-19	14	2024-08-01
652	5	DGdRjULk	NtPUxvnM	PvmuN@example.com	$2a$11$U6msWTcNDnIvW3bf.krC6OokDghLdRqmo8W5RjzSPKCvYeMxX3r0K	\N	2020-09-03	14	2024-08-01
654	18	TwCwIHXS	bfBwPKHj	LCtps@example.com	$2a$11$s/v32rErckmwL3fBeO6l8uQ6UQZNMCeTnS/KuvOjbKELsdQPpWUdG	\N	2018-05-08	20	2024-08-01
656	19	eNeGZDxN	fPuqTdcg	SxLnz@example.com	$2a$11$CP.5N.vbsY524ipZe9F6.uy4asRzIGCQ95tnbWU8bgYpIYE2cx3eu	\N	2020-11-13	14	2024-08-01
658	6	BjTccHTL	JloVNnoR	PQYhe@example.com	$2a$11$MCnRboVOJobV.gNyoaErUeCtNkAjRJtkoJzARwJ/9USOsPUn4CLya	\N	2023-10-21	14	2024-08-01
660	7	oFgbzgFV	nZGTDzGs	CNdil@example.com	$2a$11$1iIC.wWJfA1me.ZqG3ESJOgvBYBLGpNCLSAYlOBpa2JEGE0JEsw1S	\N	2019-05-15	14	2024-08-01
662	8	gNezqLNr	MHhifwSh	RTRvz@example.com	$2a$11$On63mCoImvI5FaHTN4l1zekunX5mDyCNcoyBbI.13EcVhXJNCWIAC	\N	2019-09-16	14	2024-08-01
664	9	VFNOeXvh	TkBpNRFN	IstYz@example.com	$2a$11$swBdSc9gpASWraCezu8wc.C3YTO1o/3ihqEuEOQQwF7fezukcgXRW	\N	2023-09-19	14	2024-08-01
666	12	TIppgwdm	GCLkWqQw	mwjmX@example.com	$2a$11$PuLe/LiqdC.mIQau3nkwQu62eFUO5XhsTIqsEOQ1RfHhVI4R7jzby	\N	2018-11-30	20	2024-08-01
668	12	OfxxLEys	zBcVOkvd	ODESm@example.com	$2a$11$WQs41MqEJnsgEAft3BNjx.K7.Q08wg2n5xrMrDbMFgE0q7VKXWkd.	\N	2019-07-24	14	2024-08-01
670	14	yXPAitti	czYkzXcQ	igtBv@example.com	$2a$11$hGogbY0VKfVbWqsushF4XejQ0PJEi.JaQ.uXw3KRAALWBQRXKBWCq	\N	2023-11-27	14	2024-08-01
672	11	NYCsjuIx	gEAsMaoJ	psvDY@example.com	$2a$11$8EbD2MQP32VqalD1oetDMOr8tZeYWSr4MtsSJJVMh7ngpY8fyp.8G	\N	2023-09-23	14	2024-08-01
674	5	abycBNOp	uDdUyOck	sNIOF@example.com	$2a$11$Ic1b32AV6pLdXk3yeXlLIOtWAuC60HAz8DWwYKTdAaaJyfe4KmE6S	\N	2022-02-07	14	2024-08-01
676	12	KHVZOIdf	xkILAACd	bPBpr@example.com	$2a$11$C3C0yO4y8.8AT5dfjgxOm.OGGuJX9s6xiNsOrebMBLrLZy80SqP.a	\N	2019-06-21	14	2024-08-01
678	20	mPBSDIRj	kmRFnRyn	IjKJN@example.com	$2a$11$5R1LWKHXgNqgqjNAoY2vSuyX4c7R9eNgIMYWT8Z6Xt28938akAyFe	\N	2018-05-09	20	2024-08-01
680	16	dkWubmGv	JtElPwpj	DwAiV@example.com	$2a$11$NeEGDkpmv4BjDSQxDJops.Hwww27MocsC3OlEWFi1Om/WvjDtvYEi	\N	2021-06-03	14	2024-08-01
682	18	VdBMXOJu	gSqojZwJ	QjRIC@example.com	$2a$11$FPZQoLEJH/O3MpPGxQ7GB.ZCOL8bs61Awr7EDcczdB5Xa/HRiUmzW	\N	2023-03-01	14	2024-08-01
684	15	qtBpCghb	iCSuDyNx	VuMxh@example.com	$2a$11$9udC7TLAhhRYKSF91R1ZV.lKtRiQB.0/7NBrpcF4EIelZyNH73o9q	\N	2022-02-19	14	2024-08-01
686	17	tqwxAApS	LEDEzLhv	MORDx@example.com	$2a$11$qm06.UQ9IywSQlSDEe2Tyute.8PDCDH/DGa0XQZ2/Sr07OkwK/xTC	\N	2020-01-01	14	2024-08-01
688	20	vnJXBkEA	bInPnXXc	nKILB@example.com	$2a$11$GXRHe6y1LCG/UgY9KHP.ZO3UUfr/H/UhjG7pN4MXJtrDojMN2peEy	\N	2019-03-29	14	2024-08-01
690	12	DQzFsWxa	tizEhyga	UfSFc@example.com	$2a$11$eArP9EdlsIA2tmqpmYTaIeBBca7JMuYnfc4fse6RYdqj0kNAJGXhK	\N	2021-07-08	14	2024-08-01
692	16	jxTVORbY	ewcoylaJ	crFwY@example.com	$2a$11$RBg5m4aZEzi2BLP6aArCwueJi.4BtQr4KxrEGd5z6XeK27kr/JiLe	\N	2019-11-16	14	2024-08-01
694	12	dKIIWMkb	IJvalJwp	bHlgq@example.com	$2a$11$ecc1KVdEGqA6kxWY9KCrA.n8LEAul88aKj7CKVRW4Ykp7VLQBdzSW	\N	2018-08-06	20	2024-08-01
696	8	sgoPBDIo	QrJituGx	JVAwi@example.com	$2a$11$Nu6SEVIJuh7z3U7aM07FceQIzOCkwGDwKrOLNF2g8GN7H5.PzMxnW	\N	2019-04-04	14	2024-08-01
698	16	UjQCeLzU	ZjRNnEQM	PckMJ@example.com	$2a$11$oUhZXZOkjDilsHLQsrTZe.n.y0yiXNX8XKYhiKBjo1XPHy5qbm0LC	\N	2018-07-11	20	2024-08-01
700	8	IvDUMwwc	sXwHuPCZ	JMaRZ@example.com	$2a$11$fMiMe0s0rXpJtSySkwu/LeKHr.2aKEnycbwlYMT8T8MipjQ.1OI72	\N	2022-03-16	14	2024-08-01
702	16	rIJxtsvn	fwTNGGvW	DVIxD@example.com	$2a$11$S/wdQ04LZVd8HwaNRd49I.3Spo87K7WbPIlOgnIg7BIkMMHyqsI.6	\N	2018-12-26	20	2024-08-01
704	5	ccluQlxn	RctiUNOh	VVAqT@example.com	$2a$11$I/MzADWioJjxwxIeJtbJTOpLwmvAQ0EMVYGpMwBTtcRcqQBL7sWiy	\N	2023-04-26	14	2024-08-01
706	8	BHbmOdjy	WxLXBDvg	sCAhz@example.com	$2a$11$V7yQ9BJXuIVhbaLTZOcgSOYGITIsAe6s977cSbZyY693sOCwloEjm	\N	2022-06-01	14	2024-08-01
708	8	mlqgjwYL	rQouObIE	QbAKS@example.com	$2a$11$j80w.Faepp4ndhGFH68YseHqpMDrpcP./XW2i7HIkjWsm9FtpNLMS	\N	2022-01-12	14	2024-08-01
710	17	NOYbpwUf	zbavXsUj	HZHFh@example.com	$2a$11$l0j77rlSwSPFTRc7/9mTde0HMZV8rhS2ygyK1/FRfKChrSoJMypTy	\N	2022-02-20	14	2024-08-01
712	20	IDDdiXvJ	MTkSKnrq	bPaTb@example.com	$2a$11$hm26g9ixaJ39OrhBS53Zkedm/zawLGRHg/TBqN.xSLKCZu8/SLSLm	\N	2019-10-02	14	2024-08-01
714	10	eCChfWFM	buKNIukk	prVvu@example.com	$2a$11$H0bcGT72R7W15w40NmbRV.y2PnwBZjY5OcNin8Te41LSUb.adlspe	\N	2020-08-16	14	2024-08-01
716	5	nXgsEDdr	rQvEpNLK	UCwcK@example.com	$2a$11$N2E4Bka7cVlKznn2ru/Vr.Yci2H1YsjSHbnnSKWPTexeRYf0EMLs6	\N	2023-03-26	14	2024-08-01
718	19	WfThfIeH	EwSghULB	YyRIG@example.com	$2a$11$tHkbO6oHA9vTYKWen1SHW.paitLBJq9fZJIHgotEwX3wcqs1cqGUC	\N	2023-04-26	14	2024-08-01
720	6	bmdheYvD	MbdLpdRL	RLCbt@example.com	$2a$11$jQWRIB9n4dxu7RINYFr5Bu8yMIb0j5gB.L.WfCaYPI3p8AzvPvpIG	\N	2021-08-16	14	2024-08-01
722	17	BHogolGl	kjuhLvUK	lrpju@example.com	$2a$11$Hy5Xg2dLBJZ/5qJ47In5S.3nh6A4KEVB4IOt.rAYOIsFkUAD1FK9a	\N	2019-06-29	14	2024-08-01
724	14	pDkCifJf	ajsgRHce	TyrZu@example.com	$2a$11$aD0VW4TGG0X2X70tmnGJT.HErt5ZfQRCupNtL7xw4oJ8gHsJwXnqq	\N	2023-11-08	14	2024-08-01
726	15	YOGENEXx	OxNiIoKL	QwjIs@example.com	$2a$11$v6XidAdB.tZQ2gOGsKsTSO5I2XGX7S4oDgl0QFslT.qYVGz5HEXlS	\N	2020-05-13	14	2024-08-01
728	10	MvioXFoR	hMVkHRMZ	UhCQk@example.com	$2a$11$F3KiFbkjl4wXjBgIeVpxQ.7U2K5a6cFCyH6CXi2YCibV6zs/wysne	\N	2018-07-31	20	2024-08-01
730	7	AiCQGlEd	gXMaAITJ	TXiXd@example.com	$2a$11$ErlKrf3MqaOPpTuI0kiNheWJdaETENbA8ITWJ.WpnJV6EWqYXApoa	\N	2022-12-31	14	2024-08-01
732	19	xrXCcNYz	iNVuBfGz	vcksf@example.com	$2a$11$kt21JUh1/jEmYfmWTpGIiuw.Pt.N.woYeo/WANS6VfiU9H0XBFUr2	\N	2018-12-03	20	2024-08-01
734	18	YlntdfGb	wgjyzrUK	CHOhF@example.com	$2a$11$6daaYPhiOKgHtv2ldnfqG.NZPMOAnMj1NojEKB3/.iXacpvsPd.d.	\N	2023-11-28	14	2024-08-01
736	12	ydOCUWAF	ESMRMuEp	VuReS@example.com	$2a$11$OPbAnztziTXylsj9LYKFj.i6In/c4kpaqyQ5IQbgghyqe.qtAgT7K	\N	2019-07-16	14	2024-08-01
738	8	hTBnSzmT	apNrmnRG	HEziE@example.com	$2a$11$iHj.V4ivyjq4.Y/lk4Qs3.j.QtKS1LeeWnSk4zLzUKkQa7sPEbRsi	\N	2018-02-11	20	2024-08-01
740	10	XElvVrsZ	hzvjlakN	nJBEk@example.com	$2a$11$9ILG7jKauQxTtUmebCp3LO1jcotFvxpuaTU0pFnjjKuqg5ZXNVtBe	\N	2018-11-20	20	2024-08-01
742	10	HLSSSsra	WkbZzMfx	LyQBw@example.com	$2a$11$gcgqoTUZ4W2ySQBTsiEgi.7tLAA6Xxs1bTP8iZRDXA0gZ596ofRHa	\N	2019-05-30	14	2024-08-01
744	16	nCXBdjkw	KlCnNQZP	VpQXv@example.com	$2a$11$F0nJfTPBjds/Jj.wicMrEOfQTZxcAYs3TrAa95ghHNAm5M15pwkJO	\N	2020-12-18	14	2024-08-01
746	16	klJLZuNE	SARGnIhI	LMCxN@example.com	$2a$11$Bg9x8di3.m82bSu5Eu.7MO3.uJOtv5waouRkVcnx0srFlaqcNHdZm	\N	2019-06-28	14	2024-08-01
748	15	jYDFViEt	uPWNBofC	lHZBO@example.com	$2a$11$N8Th5OjTGLqHZHktV9lmzOV/DamKSwCknXmHbznm1s3rJ5xDfPaq2	\N	2018-04-26	20	2024-08-01
750	15	FLdqxpal	rNxQwZFO	SIoaY@example.com	$2a$11$KpN/vbIpruivvdCBArIAl.TuEXyHg3E6hV.U0a5LBy0.pjwUyugtW	\N	2020-12-02	14	2024-08-01
752	14	iWTJJYQl	VQwdrLKV	bMSkQ@example.com	$2a$11$WoL9W5l1PzfWiylqDsutDeOiDnLLawy3hDKVV7NFBJP0jIRx716Ua	\N	2019-04-13	14	2024-08-01
754	14	sIwyYIsf	rwXzuiaQ	bIdOc@example.com	$2a$11$PYPwjU1WgpmQb.oYiw10muxReyS4YQlghVYms5R3sPYEowgf/a40a	\N	2022-09-01	14	2024-08-01
755	19	DeKzzAci	TpiUJdIn	fFGyx@example.com	$2a$11$3Ycg8Zzaks7Ic2YCiXoa0e3s7Iqb40tGCiF60zMKy11GBAGY/fZjm	\N	2021-03-12	14	2024-08-01
757	5	wfFEHssc	cqYiraFW	MgRPs@example.com	$2a$11$bZ8z0uDR9Q6bYi12FDr5X.8F/U0SAsBomlMjFqykKb3s239bUZfaS	\N	2018-03-22	20	2024-08-01
759	7	kCTvRHaN	RPJInQtS	wAsEH@example.com	$2a$11$tMRQP7FQTc9QPHI0QD/cZOBd4Pl7y3HfaXpvZrvznEyywsZrCxyHW	\N	2021-07-20	14	2024-08-01
761	18	bFnLAUcK	TpHjsJVG	qyxYV@example.com	$2a$11$3bDm3pDb1JLb.O92cWev.Ogvm2Utmo7K3zrgV4COldu62D.ejfAjO	\N	2020-10-14	14	2024-08-01
763	13	MxhFTMjg	oZKQxPsT	qZeKu@example.com	$2a$11$e5Y.SQtTADvZz3TfVZ3oKufplCZuLWzrDjaxfqn/AFw4UIvlVqGyu	\N	2020-04-23	14	2024-08-01
765	6	TIPIOFRW	LlOWpmhj	OHkLf@example.com	$2a$11$L/4FY8Jo4QpJ4Xs1EUSD0uv1pOM/NTttYnErFFQEfWPhpewHiL0vO	\N	2019-04-28	14	2024-08-01
767	11	lNFBVrDo	EBZIQgsX	ogAow@example.com	$2a$11$HwbjSqoUoxQ7uSNOBcJONOxsW8yWyd30kfmWOgq2VcKqoidOAa9UG	\N	2021-08-09	14	2024-08-01
769	5	ECTpIitM	TTpMJknS	ApZhS@example.com	$2a$11$U8xdNZV8QJ3jNCRlzw1Cle/oK.oP714VyT9nXImZ.L40YZk6ZNdca	\N	2022-10-21	14	2024-08-01
771	14	ZKRvXKjr	JSbenbyf	XzLNf@example.com	$2a$11$2ec6.LAWyQivsxxUvv5fduEn/343qPjejhkggThDr1keZgScc0mFG	\N	2022-09-29	14	2024-08-01
773	11	rjvWxCXb	wXbuDzfj	ObrTM@example.com	$2a$11$Xo6bBNj0i.sZzTzc3fRrzuaW11kOAih.oC4GgyuQ.7PF2XZCzv.uO	\N	2022-08-01	14	2024-08-01
775	8	ELbnnzvm	rqDsSulQ	xJiKG@example.com	$2a$11$m5K3ECD9dpVZPc.vripsXeVSwqLYYXS4n2lTg.M0scQyKWhC4qgoW	\N	2021-06-01	14	2024-08-01
777	19	lvhhjbgp	yKaWlaUQ	gGVeI@example.com	$2a$11$URhbm9FsFdTNHA1e8FPvTO1dyK5UHe7CTIESdbgY5y6OpcDBvU5t6	\N	2019-06-23	14	2024-08-01
779	14	gtXfqxqT	xdZTIFWh	ilzmJ@example.com	$2a$11$XcgGdrGtX1VB5xrHKVx.jOyQhH5wjEo9zhRXLfbkwxkMLxNz4VZk2	\N	2018-03-12	20	2024-08-01
781	6	yshwnbei	LDzBvlpb	CBYRq@example.com	$2a$11$b3L9uH5QaIJE0eHonQpO/exsSUKOBa3qtZdkkuHO/JiMq7SL.yj4u	\N	2021-04-02	14	2024-08-01
783	9	ozgTRbDA	DffaDCNj	bdOeK@example.com	$2a$11$LNkdhqyxnEU.zAuRm2ZXkuMKdJUReQRsenHT0czsOKKb/5jGx9zMm	\N	2018-12-20	20	2024-08-01
785	9	PeWgPsXr	UqEHjKYK	ujkWz@example.com	$2a$11$m.bDRO3A6XJQoZS2ZoM7uuXEHXgthi9fmDXrk2PVwWA1UZU7AM2r6	\N	2022-12-22	14	2024-08-01
787	11	lUoSTsLk	bGKwJkSI	wZTXW@example.com	$2a$11$x52VcXY2Aemkr3gf6LWOvOh6VM5Vb1LxsxQathw.GmkKKrjROD1GG	\N	2023-02-23	14	2024-08-01
789	8	DyFfbXai	oAkWKZMR	WtDUD@example.com	$2a$11$DrLK1aAsvWrrvvdE6kO.Ceeg9S4xN2HVHrPBmIbw1Wi2EbqaffZIK	\N	2019-05-15	14	2024-08-01
791	20	uMmEcGYf	ZWcRDLIb	BybRs@example.com	$2a$11$U/XIj0hGoYmCQBFJq/oJGeYEp0128tkWoE5BzYgSBWKhDKMOk/0ji	\N	2020-03-21	14	2024-08-01
793	17	kWigfETN	qHbAbpRF	lpuRf@example.com	$2a$11$Q8wbsi9ROcSV4fqkFs7oe.vmBT1byrmP0EHnlEP2W/3XHUImgAy2y	\N	2020-12-17	14	2024-08-01
795	5	ovGaPajW	oXQNKjAY	jogDD@example.com	$2a$11$4mfyA8PMbN7uc4dkZlgvpOE3GrLBO5TkqAfsISCF8pEX5XPIntKPe	\N	2019-11-07	14	2024-08-01
797	16	hIaFVfaq	fEFUMwjx	TeREe@example.com	$2a$11$V31RQBo8nXdTjq0xZzbaV.O38OD6KTwDpsQPsfiUI1.VNtbm434Bm	\N	2022-05-26	14	2024-08-01
799	18	NHVNvjXD	tlSXeEQg	bdgqM@example.com	$2a$11$wkPDnP/tzLvNaxQmTpId/e76tfmnpaRbOEb7BvLC1MPBbKYV2nGXa	\N	2021-11-24	14	2024-08-01
801	13	xCCcArtN	yifJeyaS	pffLP@example.com	$2a$11$txH1YPiJp9G0Ive5FOaHCeB1dAbnBX4.onpmd/Akc8pSORqZlulLy	\N	2020-07-05	14	2024-08-01
803	9	hLsOOydQ	EHgCekKF	IuMWs@example.com	$2a$11$tti3ZoUPMeUCGh0XUyMwROanignNMWa8zUSqSrPJ62tTcPoN3bmIK	\N	2022-12-09	14	2024-08-01
805	15	fPZqgeGX	fsPYkclf	QNOkh@example.com	$2a$11$SZlsd1VaqQroaT8a4Hk2wOruo0il79Fe72mjiBAamP0dB7PI8Kjni	\N	2019-01-08	14	2024-08-01
807	16	THKxvncc	BomyGjKb	FGqEB@example.com	$2a$11$4HJobazLgXI8LlO3JSppEO3apedYWaGeUcrOz5GgurTiVLz84nXfu	\N	2021-08-03	14	2024-08-01
809	12	bIoNQMhU	XgyWzlAZ	cvpxC@example.com	$2a$11$8LmmXcNG5o50xUIMPUuyMealRoiMop58N0sj9.1zVCb2eHV3mmNNa	\N	2018-06-28	20	2024-08-01
811	16	fOhBoiuk	gWHkHvPM	PpRkz@example.com	$2a$11$s2QngSUHG3yM2V.QOGRFveGNHbt29SbxdGeGB0.yt9347vtMTH6A6	\N	2019-04-09	14	2024-08-01
813	18	sYzNAfxx	NgWmwUSJ	lBCbk@example.com	$2a$11$1h2MNzJj1OH.xoik/z/xtOgmlRCKtLPR.d7iKnzIHAecyIk.cO2je	\N	2020-01-05	14	2024-08-01
815	5	TOfswKlI	klPBOKdG	WxgST@example.com	$2a$11$M.KAMZWRx5Gwd43brHUifuHQ4V2rlvSg/.Wd8wpQaNRq.An7vYVlq	\N	2021-02-26	14	2024-08-01
817	11	jeCfzeQN	LBFqGARM	hhYyl@example.com	$2a$11$SJcF5QE/Nz6yrUqM/5R8vev/ic8DLpmqwo9UM1U91SSnHApf4NKVy	\N	2021-03-12	14	2024-08-01
819	17	XyXrgjdZ	qkKaQYrh	vYMVO@example.com	$2a$11$.x1H2/W91c3fTRhcDLBvNOO/aIfnVoOLbSkva4VeI0gSD8/Z2MT6C	\N	2022-06-20	14	2024-08-01
821	6	vrIpRPBJ	yuywTWfh	jgciz@example.com	$2a$11$h51x2nIt/dmAnpzL9.q3PeJt19RGE/P9aJMT6fbAKk6SnzETXCy9K	\N	2021-06-10	14	2024-08-01
823	11	yNBAChZv	DWxIEMbY	JOWPT@example.com	$2a$11$PTYNQGD/xptqB9IiKdaEQO94tvYtazH/G4truOkSFAX8GEwLxYsjO	\N	2023-01-21	14	2024-08-01
825	12	sEcnmHMZ	bmryBDiv	MiGVJ@example.com	$2a$11$QLYk0jPUwPt0SlaTBM4QQ.Kobbj48HHOJ1YbgqvR/PrCYGBVNnpw.	\N	2018-08-07	20	2024-08-01
827	13	TlpOTzLS	heaFwOxG	BuQDU@example.com	$2a$11$IbAtQJfzt.4GuxjEO1mrBO8moXV2/hoIM6y7AC/zlfAtra1ZhL4h2	\N	2020-01-19	14	2024-08-01
829	12	FMubpmDc	cDydhpKz	MLfeL@example.com	$2a$11$hQb0700tkCi.aQIqbYCvp.11nPOIxYPelz2wo7j694WhK620sBLQC	\N	2022-02-20	14	2024-08-01
831	12	HEBBONsa	wFHECNuF	qsXRz@example.com	$2a$11$a38qI4.RDpGePekDKLG0t.0YPdyLjStq8nlzBM2alvd4iPkI.uheq	\N	2018-11-02	20	2024-08-01
833	5	bjwZCNuT	ayksAYWO	DDXaW@example.com	$2a$11$YGvOYCfyjpRGJMOb1bd8M.Xk4oa.Qf8YcVpOz8WdeOg7kuZfG5aeS	\N	2022-12-13	14	2024-08-01
835	15	QGsWhYEu	zBmqWxmb	uTsVY@example.com	$2a$11$wqeg4Y6cEOtd/g1/za958OGe4BtNxc4tBxASWEuNEj4ZwhZ4cvYXe	\N	2023-03-09	14	2024-08-01
837	19	MVikreex	uXzKlsAn	OKfNl@example.com	$2a$11$TlVAUq2Gk4S/GZmu2.OT0eAEEJQ.MJ2q1utL83RzLOs2MhAzSIgPO	\N	2023-06-22	14	2024-08-01
839	13	WzihVvGH	bfpoJHGj	toiHv@example.com	$2a$11$XQFfG/Jb3IqDRG820OFiZOU0YXKBVb8er1pxNeBHquZ4NTWeq32py	\N	2022-01-06	14	2024-08-01
841	16	KxRcnrAK	aQDoHjGA	cVVBV@example.com	$2a$11$JENiBfcz1lRkaukFmbRpkODtrxPB28cIgmMdXnw94DlVvbwGwq/tm	\N	2021-09-05	14	2024-08-01
843	13	rXkTYcpQ	nXmJfsjW	wKvWb@example.com	$2a$11$gX.bWbPD2T.GFdMrr/cO1O0tirI7TDRpjZo8OHMz0VYS1UdVkz9yS	\N	2022-12-24	14	2024-08-01
845	5	thHtnKah	eXpJPUye	tLeqo@example.com	$2a$11$hHduhJrOnv.BZsL40P2sU.Uj4DoDj.6MUG06daNVLhWqelEZkwwym	\N	2018-06-22	20	2024-08-01
847	19	nuztZktL	plVNfKBf	RVvNc@example.com	$2a$11$Fo7upi6kfRmbdwqc3f4e/uY/13FaKqJdBW8mInHH2a54iHUVfsSCa	\N	2023-01-09	14	2024-08-01
849	11	DOvAJoLe	mcUTobVn	GxSPT@example.com	$2a$11$4rHEOOtyIEZyOyM8gajIgODlFsu4bITrPXfksy0d4FSFbfR7xixX.	\N	2019-08-31	14	2024-08-01
851	5	HDlwKKzL	guLsTBIu	xfzQE@example.com	$2a$11$aTjLikCf8i6ttuB/DD2yFOupqtkYP9FBw5Fk6YA7lra4KdchTzZkO	\N	2021-07-27	14	2024-08-01
853	14	EiGUyhop	IlBReXkV	PMraN@example.com	$2a$11$BJkv0VTI6WlNDHhZJXuHjOp58UP.RwYncMYh3UnlJScO0g6DuAICG	\N	2020-10-26	14	2024-08-01
855	19	OEOVqKRU	NbtToNjT	EJThB@example.com	$2a$11$fF6llIQZ6OTlg8px.EQaguGtFeqVBMLkawfjds4PGq8MLFvdsTanG	\N	2019-12-18	14	2024-08-01
857	10	QptgMzJG	Jixyvbsd	BNnpN@example.com	$2a$11$g2pZcRDw7vEzUrTAT3OvLOf0YOZjc6mSTeScNf1aWKgjFPGgELw6K	\N	2020-08-11	14	2024-08-01
756	11	lsjNKjcB	uCMUtfyT	gkYdn@example.com	$2a$11$M27vZrzhQGBq7IUPORuOwuiKTItzDR2sGBgzT7WeHH4z33Y.1gNc2	\N	2022-07-14	14	2024-08-01
758	10	oyoYWYFY	lEWGEOwa	SNtsW@example.com	$2a$11$vbct8h4i4YBBoUoXWWVCN.o2NPXPdN9VYDjqlIrJVXYVwqn56gu/m	\N	2020-07-02	14	2024-08-01
760	5	wKBPjdUs	WZrtBUGW	yCeMm@example.com	$2a$11$DVtg0tlpcCl7EAkp6LX9MeoiYN8DFsoPBdvPtunQ.lHzeOVgm4/Ue	\N	2022-05-22	14	2024-08-01
762	7	vVqmthoQ	PcJfXlEw	vdhZR@example.com	$2a$11$kbsgTm2EbdJw5YX2W6ARlO8qyBzwMojY4pyfjwIHvTh.8qASrZmYa	\N	2019-06-13	14	2024-08-01
764	13	xQEiRNkf	zovNEfCB	aEBPE@example.com	$2a$11$uQy1x3Ks1HS.MxOT8Q7aqObyS9GRB4duTp8FDf/QD6wZ2xx1NuA1q	\N	2020-11-15	14	2024-08-01
766	6	DiEeqUia	dThmuHLG	MXprL@example.com	$2a$11$UBAgh1Lu5CIJufSzMt2Rv.PvfDEVdRGQVfkcT.LnonaWhQWpRzhvq	\N	2019-09-06	14	2024-08-01
768	20	LPLYFjDh	lYorRgjY	gCxKD@example.com	$2a$11$Ka.tNE70KG6IgIdHeUCWnOK2/kf62ZsSV97SNJToh.KKr8Txtt4NG	\N	2020-11-07	14	2024-08-01
770	20	vTfBHUwn	mBsCwcVv	RjXbJ@example.com	$2a$11$oEcEfEpv0A5M4yXartoZAOa8jDfCtpA6Qmh6pDkmMkLyg9zOPqWSK	\N	2018-07-14	20	2024-08-01
772	14	KGhFAGRo	AFZDqtOn	Mpuwq@example.com	$2a$11$9B.DZLv4JOcMRzflstYfGej4PdtuIMlwuQYT5pa02140r14uDuLrm	\N	2021-05-08	14	2024-08-01
774	5	XxuImZCT	SlbFeXBp	ippIF@example.com	$2a$11$i7exwNe4qoGEt61Iz.Bp4OFrd4NEvO5h42ejOMVmIuvHRb.afwLS2	\N	2019-01-14	14	2024-08-01
776	6	ysoRCsbg	ydKaXyoP	OCDqX@example.com	$2a$11$OnbQpanbYXLcZd/f3QAeA.2HhJimvwP88yj55V8SGPjrGxLLeAkWO	\N	2021-09-21	14	2024-08-01
778	5	WJpTEiww	VhgxfMXm	xYKYE@example.com	$2a$11$w6rVVo//8iraBHDPLM/4Guy2SB7kSLHdd0D9WaPxilFlEmd4AKQqO	\N	2021-06-22	14	2024-08-01
780	11	xIyzEZwy	GQssvhfh	LnXJi@example.com	$2a$11$FoPBGi1v44kvDEL9ZT2LQuhGzahrGxstQvxTs/VykUYVjI27eF8Cu	\N	2019-04-09	14	2024-08-01
782	12	dIGWAlDW	ARuVEpld	QQVXX@example.com	$2a$11$vBPtBpqC8zf8oW/wbfNMb.K9nwQa252bK8mJyl0hkJpTOUOK8TaJ.	\N	2020-12-15	14	2024-08-01
784	20	APNGyvuJ	sgKLPvOH	cDrPY@example.com	$2a$11$qgLDOgdylqTgnfbNj5BHEeqNJuwilOufU2Mwze9ka14O97mD0ID2e	\N	2022-12-25	14	2024-08-01
786	17	qFQesjiv	XPXmxiYH	cYVhu@example.com	$2a$11$zuUw.b61.RSFFRDLl/FNwenNg8W8PDfhew321Dh.Hs.aBU41R57hK	\N	2019-06-29	14	2024-08-01
788	15	veEeIGXk	WGanHhHf	uUUEP@example.com	$2a$11$3OaAqjRum.ray/vh91xsEeG40VWh3tfbzk6SpchfqA412WigmdBfu	\N	2022-10-14	14	2024-08-01
790	10	lDCGNbfM	nEDYwxXo	aVQnC@example.com	$2a$11$Lax4LwYM73BBnpNo83T1QO0b5Cic2M/z3VAztP5DPswiNdftYBJP.	\N	2019-11-17	14	2024-08-01
792	19	FexFnGEb	uInPqdpd	ELtxn@example.com	$2a$11$FN0/PrcghFnJz3H2jLGn7ejp5Q50g1XIr/6Dc34MkAEmDNP6dUMUy	\N	2018-01-11	20	2024-08-01
794	14	BgkgKmre	jPhESlgM	qauve@example.com	$2a$11$h/eoqrVclrsqN/vGELa.PuwEM3M2tQWEuo6MQMKS3XFPpkeecME22	\N	2023-10-07	14	2024-08-01
796	8	hyEUUeba	VmeOofdI	MctcY@example.com	$2a$11$vcnscvu3Fnz0/PIHvcdwKu/ZzSA4kR/ZxJCtCFmFR8xIQrzzcZoWa	\N	2020-12-12	14	2024-08-01
798	10	ovJRaYOI	VrxyuCNj	dwqwA@example.com	$2a$11$78HdLeq4vd7IiNW5l1tib.HBY1OcnCAk6ix4JXXf3ZaNnzASQTIle	\N	2018-03-29	20	2024-08-01
800	10	lcMyrDcl	lsETSXyp	EOyjn@example.com	$2a$11$ZntNgorMymbjRUVBsMFSu..GPG6jiKmXblkGozUFO0ImcEWDdOynO	\N	2020-09-04	14	2024-08-01
802	5	qNJdLfYW	YjKzHRhN	vUrfF@example.com	$2a$11$f1QOmr3QsaBSPCNYbMeZdeBdxtEJg2y7TwubIT19Q8S/HBI4Admw.	\N	2020-02-24	14	2024-08-01
804	10	MdmytCDm	IIRqfuzY	nlmar@example.com	$2a$11$uIjb76mBV7Nw40dm9CAc7eJFo6MDfqwe54gYsPeAWxxJlJFOxveVG	\N	2021-07-18	14	2024-08-01
806	13	jxeYhVJx	Lbsqgfzv	vzSsf@example.com	$2a$11$toeHr43JidQ03gBxFmE8Ou98VsKU58fTB.En9kdocWQUqR9ClVUVi	\N	2018-08-30	20	2024-08-01
808	20	XOnYZEIy	CIKEpsOQ	RMgwH@example.com	$2a$11$KePt4AHPVNaUWHh.X6v4K.17cQtKDjkt0tIECz655dATGtkvmXnbS	\N	2020-06-10	14	2024-08-01
810	16	VahyeXgV	LLFasiXa	WCBdE@example.com	$2a$11$INYLO.6K8LPohmf8ZsC.cumLRcyS4V2AvvyexcDnn1054wikpwScS	\N	2018-11-13	20	2024-08-01
812	8	oziHDpoO	YOJoiKYz	YvQhq@example.com	$2a$11$po7ABLOFBH4hi4J/Ezf09ukAHZWouV2VRHgDBRLSz4ypHwd9waOfK	\N	2021-05-03	14	2024-08-01
814	8	chZqmSrl	jeabtgaR	VpeqB@example.com	$2a$11$F24gvYUayCXe/ZXq7NC.ae1mz2948KtjpqZ8omBF5Rqr/SRpPNBfW	\N	2021-03-25	14	2024-08-01
816	7	eZEQBESE	ExUcrcaE	zyLMz@example.com	$2a$11$TpHipDmKXbx/XKmInZ2vm.c4plHpfn5II0Dp39un5//68cO.UaihG	\N	2018-12-20	20	2024-08-01
818	14	qKqTwoDH	iLiZcvey	kUdUh@example.com	$2a$11$4.ca9Js.Pegz5pf7kuVIhOCQuCYT6FsJ1g0Sdhcr7hPSJDuBLraA2	\N	2019-12-02	14	2024-08-01
820	8	JinMFPmm	igRarMYY	jPgqc@example.com	$2a$11$Dyxq7LR9rPyLcwmx/zS2NuV3Q5QileWdbYv52216ZTrnbpVj/FaiC	\N	2019-10-30	14	2024-08-01
822	7	lNUUBDux	PBHxFGRB	PTnXS@example.com	$2a$11$eGCa/fWVSV.BOc2PUKXlHepLmeaejVwHBs0zHIQ1l/6xG/F29t4MW	\N	2020-04-07	14	2024-08-01
824	19	TZuIthkD	nUmeEIda	JANME@example.com	$2a$11$tz19WSC4npxcHj52MA5xCehC/Glym53nNTHdDn3wwCNMNQOXBUxGi	\N	2021-07-12	14	2024-08-01
826	10	jwFPXjUk	kQroTPLt	TGJRj@example.com	$2a$11$VL2V9qvYT7b65RpwAxftNOg1lrt5jYjUSLCzS8AI31eGWwxPBW2ga	\N	2021-09-25	14	2024-08-01
828	12	yAaHJRAS	iUhNhnWx	QdnmT@example.com	$2a$11$1.yMeghP.0WT.mchEycVYuJtg7qJ4d/cOdTPwZztO.rJ1YBY7hn56	\N	2022-02-23	14	2024-08-01
830	5	orEzoIRl	iHGImxBp	xeWaO@example.com	$2a$11$vNyNthiIyzVLVe1AHqLbcOZMO/KPlwECpPqQMIumhY.XtNV6zktr2	\N	2018-10-03	20	2024-08-01
832	14	oaKtbwbJ	XYlnBhSp	sXOWB@example.com	$2a$11$TgwjuRHHbW0q.yQ1aKFzbuhUu8fLHH0gD7aucgcI4c6Jyw0NKTXD2	\N	2018-10-05	20	2024-08-01
834	12	KtNGhxHB	eOsUvuZD	FXgOi@example.com	$2a$11$jnuDoBeaj8rz/bysfeIn7.8h5jW9C2QQBMv9ACGAV7vKSXjM2eHVe	\N	2018-07-16	20	2024-08-01
836	15	AgftvZLy	Fejfzhgh	roYQa@example.com	$2a$11$br/0fA4LLnyJGmegSSmiI.0JyFDP4zgMq1efV45ODW73x/oiABPJC	\N	2022-01-06	14	2024-08-01
838	13	elrMovka	OPxzpAEA	NMMVx@example.com	$2a$11$HRcNVaClBF4xnKiAOyHeD.whRA9UXu89WB5145svByFSjA.PjCYBO	\N	2020-11-16	14	2024-08-01
840	18	zxzeopmS	PujtpsiK	UAyEl@example.com	$2a$11$UsDZtNXj7MiuuHETNqMhduprXGiWIM98nmFsDv/2vXYle3w1bqRc.	\N	2019-02-23	14	2024-08-01
842	14	APMMGawo	IKJfIuTu	RBdYP@example.com	$2a$11$kJh79sAN30x7eWP3kanDKeIPN0RjdL2gLh8Ur1FyZyep9MpKh.FAq	\N	2021-05-26	14	2024-08-01
844	18	SffSikDm	hgJKeRoH	wgrzT@example.com	$2a$11$XDj/XDzZLkGW8bridSWv5eIRxrmDGMn4DDgFYRpNB40cQBEPkq72.	\N	2021-03-28	14	2024-08-01
846	19	IfqcPYUA	lPddcfxp	UaLSX@example.com	$2a$11$buVvuT0sk7rOUBl06xNpS.jdJT.f2J.cxAXpM54/SsVu.EyTAXqli	\N	2022-07-12	14	2024-08-01
848	8	cbNdhXED	qFVCGsvD	uZxmb@example.com	$2a$11$qgfes4WyBSEhHcPdStj/2OhT4.esIWzpK/qL97bZ8fHXCFBI19uWC	\N	2022-11-07	14	2024-08-01
850	17	HhWJSEDk	VjFsAiNH	rdqxI@example.com	$2a$11$tdxIXjRv8uLtVuKd/Y9Hr.L8TSdbr0bSDtatX8atJEY4zlXQUZRcm	\N	2019-05-19	14	2024-08-01
852	18	GvUNhdVq	MJUvaNzd	wXKIs@example.com	$2a$11$6biqyFaelMD9VUaoK.iTJeCAWL/DJyBaUoS4Yn1qffWUPhqTRQGem	\N	2018-11-15	20	2024-08-01
854	11	butSNxBx	dlBYgqnz	XFAZQ@example.com	$2a$11$HTxnMQEfUsz1ZWi7smW88O265/ErFvYfkzHfdKTuH5E17s6ApmovW	\N	2018-12-29	20	2024-08-01
856	6	dYnKWdYO	miwDlPhH	eVZaG@example.com	$2a$11$HhsYYQ52NrTwHwhWc.vGKuHwBqIt8buxJreBWL3r9ucsemuzVE4qS	\N	2018-09-23	20	2024-08-01
858	10	UFogeWpA	mmKGKhHf	JTIgZ@example.com	$2a$11$nBfxgZGG68JMm.3sAJHcY./WQaRFFLrXRhLBj.XBIA5tr3RYdg6y2	\N	2023-10-11	14	2024-08-01
859	5	dbiXYXzn	bVuGLUsX	qIjYx@example.com	$2a$11$dgyXvA2D6v.fSXCzmSYfle8Sl5OblSXK8ohtWYsv5mD0tGk0Q0GYi	\N	2018-06-19	20	2024-08-01
861	18	etcVawcx	qPrnkWZo	rrPGM@example.com	$2a$11$L0s0zyt5Y70UfK0dD8PO7eC/ySFiqiMl4vtnjm681D23REKBOjUEi	\N	2023-07-24	14	2024-08-01
863	11	VJyWONFW	bdQjOdcM	MUuvb@example.com	$2a$11$Tep9o0JWy1zl1C7QBA5A5.VbJlRSEfIQ1FbYgY4ukYO70Zr5tVJKO	\N	2018-07-23	20	2024-08-01
865	12	QupgCzyj	KyVrurGz	nUFXS@example.com	$2a$11$L2nDzcvl2T1oSISsxMg3NuJ57QrkAbuuL.EU1feQcBJHtJ9l.u5Pa	\N	2023-04-02	14	2024-08-01
867	15	ULyvfjaj	ZOHtQuNJ	mpmqu@example.com	$2a$11$UPDodhw1nTClolHEY/rMAO2bc9nlAzG24a0QYa4xiOsAMZItFBdBa	\N	2021-11-10	14	2024-08-01
869	16	kPNmePEz	LqvSBICC	GwDAf@example.com	$2a$11$C0DScwkriHMRzq9t0mVISOl6VpOrQcYn4h3fq/yiECkAHg56DRkV6	\N	2022-09-20	14	2024-08-01
871	18	eMarkIuE	SEuIhjBI	xcTOQ@example.com	$2a$11$btYwo8YRzy0T7Nz3bEXm7uEXVoGXpbG.SG6kbVxVotTo1L69XPdKm	\N	2023-05-14	14	2024-08-01
873	12	AASgAcZU	VMYqBGbW	wQGDj@example.com	$2a$11$X/C2H7kS0cAZzgowi08SCe85fkdAbwSldJjO/jLSKDWuzr/hTe1b2	\N	2022-09-02	14	2024-08-01
875	5	GhpRypQG	lVZUEsSA	FJMPq@example.com	$2a$11$uXnu0PYVBe0s.yssSnID6.KhKKhrB5wH5WYavTBu4uYjpeikxdMzW	\N	2021-09-22	14	2024-08-01
860	9	FdKzmlcK	BeelJNSX	kOZqR@example.com	$2a$11$04D8mlVBZgjHmDl.8vFeSukZm8F2pMMFMfmPDJTh7wvcSZ.AeuHv2	\N	2023-01-23	14	2024-08-01
862	15	CCnHTVAU	deUCzalo	aXcRh@example.com	$2a$11$l6c0WZsQyVruu8lFPbMWW.866BYrgIOc6.MXWg5GmEqhuFXHwoxgy	\N	2020-01-26	14	2024-08-01
864	14	IenAwTFf	KootXlmI	GaWLF@example.com	$2a$11$dxacZ.upSlUUfoor5jeYWep829aTVsVZCKszL31PyBi40fJ2U6qDa	\N	2019-01-13	14	2024-08-01
866	5	fLuqOGvH	PmaHlhPC	OwmcD@example.com	$2a$11$SHIYuYKk/7kmn9r7J1oHVekfKnaWPhqxN1myOPKt0H4WqjsFlw0wy	\N	2022-11-04	14	2024-08-01
868	8	IWupDwAS	QUglaOtV	dWiaO@example.com	$2a$11$97MUkDFljnbhpKMeSJLNxuFLkpTSE50kLDP4yi0MdUqj5xFog01/C	\N	2021-11-21	14	2024-08-01
870	15	klmJBAxZ	jPqdRSII	jQXnH@example.com	$2a$11$DjNFm8hMwPvbTYlMMSlR2O9uDUfcwMC/ootRaoIWPkLxLJhcijnVW	\N	2023-07-03	14	2024-08-01
872	6	SZZjaFLN	iKLwaelJ	TJktX@example.com	$2a$11$dJG2KwoWP8Ace1RS2D7HTuAwQKVQUYLuBeTwztzulZcjaIJk0Wsv.	\N	2021-11-23	14	2024-08-01
874	12	HNUuZxWV	rENITfnC	HBFul@example.com	$2a$11$l1FVuJxM8iCFg155o63DjORM386AI2w1YcvhPyjWg8pDmYdcDvMZC	\N	2019-06-11	14	2024-08-01
876	16	RCwgEskf	aIffgzdI	UWcFm@example.com	$2a$11$1MAYl/KwdCXmA0LYtWx7xOh5pRCg6313yLWh8cenMfQiAIpDs.H.m	\N	2019-03-02	14	2024-08-01
877	19	GZrZQCsn	zhOBnliK	dLyCU@example.com	$2a$11$YoCgJJWOBqHeuKVLUo5lh.Fe5G.0FfVF7xBH3MynnuojvOj7cxM7S	\N	2020-11-04	14	2024-08-01
878	7	qnaBMIPu	pSUgfkhM	IPMLb@example.com	$2a$11$ixxzKtOeKHFVUoc4kvGHHOMmqxi6zxfuFKxJ6DSQjOy9hDgdOCUHe	\N	2023-08-20	14	2024-08-01
879	13	YZWxqChN	RNvcKcph	DLxkI@example.com	$2a$11$ENJfvIWpEHA2.LhaWbnrce.vX4SsR3ltmPws6vv.AHkhBcj04YNnK	\N	2021-09-05	14	2024-08-01
880	6	XrTuhHvh	goTiMOCU	YJQak@example.com	$2a$11$ZL7rDfgk.k1BM2DWMuoKO.yK/hfP.xbRj50VRBl2S5NdG2OHTinGq	\N	2022-10-03	14	2024-08-01
881	12	YnrQWOKI	LMaZmdmW	GoAzS@example.com	$2a$11$A7xW6v9Sc5q5cou.2jeI3uB/S14Ygcmazycg4I5riSn5.jdzAZNWi	\N	2018-05-31	20	2024-08-01
882	7	NmCflPWH	rQovgeEz	rDvCr@example.com	$2a$11$gt5VDiHe2sOz1vx2xyju7.mXxYGWaqUwye.VYedNUuaWx/5D.wWqm	\N	2023-09-01	14	2024-08-01
883	11	OpFFXsOq	xuEGrXuW	uWoqt@example.com	$2a$11$29M97wb2mwwUzCFgg33rl.1IGoZH4QNzYNnKTW9RdDrW.O7vSWae2	\N	2022-07-11	14	2024-08-01
884	15	uzEAEdKX	PhxiyoRM	jMqxO@example.com	$2a$11$fQ7e6t9D/7QeFx31Eh.Z/uzRG2OkWqTj47Ze3k2HmMXybVRpuhO3O	\N	2022-07-27	14	2024-08-01
885	11	HqYHSSEt	DkoWNDTo	Nzrwl@example.com	$2a$11$.JWTqrExoU9d5t3fMc2TEuHzN9DdvZkJEgPpej.xOAEm.TzAzLAvG	\N	2022-08-07	14	2024-08-01
886	14	NZNNwfsT	oFgDCflz	jiRVM@example.com	$2a$11$HyZeSBCv.vQnul18558NiOx7moAQ44bYP9QdEIvnokdnbmaVf1T3.	\N	2019-03-08	14	2024-08-01
887	17	XuclvHkC	HwPpusMR	bjJaf@example.com	$2a$11$mSgo.RGMQk7B/2JOstcXWuxZ1j6Tw1CUlg0YbDpgXg50D7Yog9sj2	\N	2018-07-02	20	2024-08-01
888	9	sEDFsYbo	hQZQoUzD	UYrzB@example.com	$2a$11$/1H77A.E3inXkaILkmWe/OGjRZ1HDpTtybRcPfs7SfNXjNf9GIAXK	\N	2023-06-09	14	2024-08-01
889	6	jfNAaZEP	xySMjAUD	JiBMq@example.com	$2a$11$Fq16vWiBL2dgLZlsOjHtNu0DyqNiMVZqrL7DpN4vtgeIZ3jEUA0im	\N	2019-02-28	14	2024-08-01
890	5	YlCpTEct	PkdFoqAE	MJLfv@example.com	$2a$11$M0DOCNz4cTCvGM8sHA..sebIi2zQvljlJJAgTNTZdb8UsDkYJDcUi	\N	2018-02-15	20	2024-08-01
891	15	tPQsyUVS	ECSDutPb	bLfLe@example.com	$2a$11$Y79/GhV6eJKjZmKO4xR.m.DEdiB/Jb66LM1acYbJ6NGi4GCCl5iWS	\N	2021-01-26	14	2024-08-01
892	7	ljrAReSa	epyHjfwq	tgZxY@example.com	$2a$11$GzzYHdDPYwa3aI5jLDDx2Om1WWYe9CEVxXAL.lx04YqIz2DR84Nk6	\N	2021-09-25	14	2024-08-01
893	19	eXyxJdpO	DpZKGZHo	aYmGn@example.com	$2a$11$VCov.YCPJDhx8d949ovJn.VnUB8DI16tSQB3zurp6EnfHLvWMUV26	\N	2021-06-29	14	2024-08-01
894	12	NTKXgJcK	eNppOEDU	WJkMS@example.com	$2a$11$I7TU0es89V4xCL8Lrc3dDeqP4p14zisQouPcqYdJehE4TaPfQqKWG	\N	2019-03-31	14	2024-08-01
895	12	MXwlotRl	UptifGfV	pxkDd@example.com	$2a$11$k9cRGltCawXv6aAmkmJJTOpNLoMKjCRFLpS3xDjAzm8sAn7tXPLb.	\N	2020-12-16	14	2024-08-01
896	12	MvaOzTwI	MMhvecex	BAYzC@example.com	$2a$11$0KXOENwlYYXSbhnUMuhFROi7ZN6PppzezOq4EYV3UrWu2Erb/CIpK	\N	2019-09-25	14	2024-08-01
897	15	uAQjDpor	ApjFBrbe	CgZaA@example.com	$2a$11$e3Ga82iZ6ri/gGTjDYePbeAoKTsftsy4E8fKfWgfxpMn49MMhCpmm	\N	2019-01-11	14	2024-08-01
898	20	NvsVRVkl	UiyodXYl	YDcWs@example.com	$2a$11$LroV505ChOw2Blh1UrV0ze8b8Kvl3qKqnfjOU3eh/PcRrkQ5FyDyW	\N	2020-10-18	14	2024-08-01
899	8	utMXYhoT	VNoTFCkZ	YNRXA@example.com	$2a$11$qczLLr.twO7tUyy3qT4f6e2WD7KQs..aVySki/kAqAWuO2wJbxSMK	\N	2021-04-16	14	2024-08-01
900	17	BZbTlQwL	hnIVzLSO	CUYCf@example.com	$2a$11$5WQtQqZrK8r0GcFrtcTND.8m2D6trhRV6pyYRiXg04H.rHnDjT9lC	\N	2022-10-11	14	2024-08-01
901	15	fHLWsWyw	cBVgEWCK	HjwcR@example.com	$2a$11$Ye5AEPcHP4Ak15JxOwvX5.Mx7ZZlX7ttxI19qvtesoIH6lPtqikvq	\N	2022-10-01	14	2024-08-01
902	7	CLplzrVz	jBEPtWwN	sugMI@example.com	$2a$11$Qu84sLAv89HVIYl4XAtqgOnYlsUQVtIRieBG0xUaqOppj7CxaByki	\N	2023-01-20	14	2024-08-01
903	15	eKffzfAr	GevPfXZF	EqITs@example.com	$2a$11$Z/7et4e5pxfXFb3IgE1aSOLhG3ifAjOCmAPbbijQHqEsHI/vlYHQS	\N	2023-08-20	14	2024-08-01
904	14	uexaBFCP	POeXLKEQ	LcYlF@example.com	$2a$11$lHczjhYrFKP46MqPOD1RZOngCyDp.Oy0s1PwUwCyBo1fQPVGZVjey	\N	2019-09-18	14	2024-08-01
905	5	UUypyGuD	MigwiUSx	zQbQZ@example.com	$2a$11$6S7gLIukU0PqBitPKdvc/uT0mqOhUKeQRCasOJ9AB0cyTPYYqydW6	\N	2018-11-09	20	2024-08-01
906	7	UPPUxFcJ	ZepDEdCw	bAexN@example.com	$2a$11$dVovBsfhf.8s/ZcoY2GU7uGbeZN1Ise4qXwpL8XzxsVyPpX/ccTie	\N	2018-12-17	20	2024-08-01
907	18	AsyQPsYh	SZZIMlgi	Ivevb@example.com	$2a$11$EGgkO1v6K8.SSwsLvbkT5.bETKunwaPv.CYYQP7xM69MX5Q3ysqkW	\N	2022-02-17	14	2024-08-01
908	17	GuqKiFbe	tfMbqkDr	HltMY@example.com	$2a$11$XheZUbHD8s/t.EchoqLDmO5WidwulnV3JXq3ghqRMg6jNnO4JMDxC	\N	2018-07-02	20	2024-08-01
909	6	rOicjxnT	hFgFDHwm	ezwXV@example.com	$2a$11$6y6E85agynIWcyC8f4wFTe.pYU115gjP9nn.8k13Q5gppru7485UG	\N	2023-01-25	14	2024-08-01
910	13	ANAFsiZN	rYXptqsf	UjxZN@example.com	$2a$11$Dmi1lpoTxSwPaaeBg5gUhOktoOI2ND9nn.o5orM1CT/cB/Q.7MdA6	\N	2023-08-11	14	2024-08-01
911	19	qCGFSKiN	IXNcngbE	FOaoX@example.com	$2a$11$UcVL4diwC0o4DZC2JNMZd.Zf/LWLrEfEO0YBhAULPfrSoGxFuZaQC	\N	2023-01-22	14	2024-08-01
912	8	HcGooENd	hbOUFxPP	VPrra@example.com	$2a$11$N3ZWaV6yrwQldSNWkd42neiheQ3tLSg.lgTDLyJ1jvJl77pA6yO4.	\N	2023-12-07	14	2024-08-01
913	6	cmMWHgns	bRLjPpdn	qUwhe@example.com	$2a$11$n9G7xGtaTZ3ul6HtFW8CceBq9C3UmUiKXZdVHVy5oX/ZDb06EMEjm	\N	2020-12-27	14	2024-08-01
914	14	hpMMUuPY	sLpusgIf	UmWfq@example.com	$2a$11$l2u7oFGnTI6.QoYrMGgMFOyJ2ilw.ZGTAaQIzaJScvv2Y3ef1d0r.	\N	2019-05-10	14	2024-08-01
915	16	ExVIErdF	yzlnQqlJ	OMbtd@example.com	$2a$11$suoEEEksc76fg7S2OialhOd66X/vWf52CpGn.Q/gl9IsDMeJmkUJi	\N	2020-04-30	14	2024-08-01
916	7	UfzYxNie	waRIecQg	vIHUL@example.com	$2a$11$Lzdt/HabzahcZAajJA0lI.5AzyL8mH.yw9evnV1BctPX7BO8WxL9C	\N	2022-10-14	14	2024-08-01
917	17	IBwlrNXt	prRcDifk	kFgIF@example.com	$2a$11$5GI1Ta4M4DEWZKr2objmIOub87oTCbnJ7jPZJpvUQAjMjcBSyvPFW	\N	2023-07-19	14	2024-08-01
918	16	tfJesdPa	OLHbjErI	uKnWI@example.com	$2a$11$r7jEB.kXTfa9Stt1HYlgR.pO4ikA4DWZGG1wBOA9QE2Y1.Ob55RfC	\N	2021-10-31	14	2024-08-01
919	8	DbSNgwst	DHKNcMRe	wcanO@example.com	$2a$11$U3y2p1a.klk4lLJrjcTUL.zxnJrFcsD5dhTam9opoAi60/2decARu	\N	2021-01-26	14	2024-08-01
920	17	mkdxuJEu	eCoevlcZ	DsYlf@example.com	$2a$11$QlNlU4aON.OQYsGS4cl7BO4pjb7CGMwyD0Ar4eKoRsgXVpObOdqoS	\N	2023-06-21	14	2024-08-01
922	10	JbWzkFFV	UsIzcUcw	VXmti@example.com	$2a$11$Wh1k6GvgiHr7sdoCrrulJ.7gpjvmhGUK9S7aEXHbQMDY8dV1m6V.e	\N	2019-05-20	14	2024-08-01
924	20	otxehkOi	wqJsnSwj	QPJVw@example.com	$2a$11$w3kcxuLJR7cOHbAM2dPWy.dOkHk8gVwlQpDwKp51AeUD7NHoRDUa6	\N	2019-07-22	14	2024-08-01
926	5	sCcYzCyd	HiqzjQjD	VqFUy@example.com	$2a$11$RnfGwdpzvwVa.FJIFcdbOOf.sk7m6/GXjC/TaXoysmEJ50so/FAbS	\N	2019-08-02	14	2024-08-01
928	6	TiVZhUOa	hcNxhGEi	eWyQa@example.com	$2a$11$29WOOwBor/U0piZbsfegC.Tyx7g95CiDRSi6stGPuUcazECCeytBu	\N	2021-05-21	14	2024-08-01
930	5	czkjmqwe	nRhwYvIf	ExjKV@example.com	$2a$11$HJEyJ5C2wWlfYXgr9ECTYOej9xEQef2V7JJwYnrCMGeSUg.3d0zE2	\N	2021-02-21	14	2024-08-01
932	18	CTmWqvBv	VRIGSQxR	NSafc@example.com	$2a$11$c1pH6OOTDOGuVd0HmgWb8e1Wbn18MAW6CxIiQOlHfmo8eBCldBAau	\N	2018-06-12	20	2024-08-01
934	15	tGpfKyfF	wZIfJYTG	JHgJN@example.com	$2a$11$8Yo.auBZE4q7K1L426hnVONO97hKvrFZUMic.fjC9FyZBBemD31GO	\N	2020-08-28	14	2024-08-01
936	19	IAPUezJW	kmsejysE	WZVNT@example.com	$2a$11$jecFbJb.1/m8NgMLagTpe.IQvsAKpN449KI/aPcGo4OsXGQWrBylK	\N	2020-07-06	14	2024-08-01
938	14	rviEYQZl	IvQhQoIJ	uPvqW@example.com	$2a$11$vg8xfukLu4AhoaaHqgH0MuLSKv.gj4nctAGcfMlZED2T8cqIqPO/S	\N	2022-01-10	14	2024-08-01
940	10	wjbYeMlx	RgArnhvM	LUDsl@example.com	$2a$11$cWeAqHys.jPioYFp15BdL.eNxy/8BOT4HnEjss3T2aqpfLs2xtsye	\N	2020-01-27	14	2024-08-01
942	15	GTlTyepO	EptihflI	JxWPk@example.com	$2a$11$KpCCZ61blgSpgjDR6u6DhO3EQYjGfL.NtooZHGes1SddS6ySxDrb2	\N	2019-05-01	14	2024-08-01
944	19	AVnLSBNA	ZvbPZpvj	FKGSM@example.com	$2a$11$rgbnGiH4zxI5/CyC8Ms.H.JWe.CycJrCF9K7/vyuEiEwCwydhRpjy	\N	2018-06-21	20	2024-08-01
946	8	RQHJtMnX	vYKrMXpb	MTtxA@example.com	$2a$11$wd65juAC.bCoTeI8ur4zCedxycWfvWFN2CHJJEZeLXIWfIz1Z8L9y	\N	2023-05-17	14	2024-08-01
948	9	EIrqFbll	rNfzsLMF	NbAnL@example.com	$2a$11$ARJslxhg0fzFxIgafhQbOOThApuzOzxpKlGROtoeN4X88jt0Ejv/O	\N	2021-08-13	14	2024-08-01
950	19	LwWSWCQo	TiOyeBbU	bFEFZ@example.com	$2a$11$WR8NYb6N.sSiwJiWnxnQeumJWmFOXzr7sot7YlHEDAm.ZDItS8gey	\N	2018-10-21	20	2024-08-01
952	13	OOONtnBv	rDJrVsNi	Pcndx@example.com	$2a$11$KmBjCNHqY5h08Re9zSO1eO2B7nsrPOejuhNxtxo0MO2AhZDXTwuJq	\N	2019-06-18	14	2024-08-01
954	10	glRCTavq	UhHcLCze	rcyZo@example.com	$2a$11$X1xQlw/frXBGDJq7hqukMu0wU.0l3fe/tL3Q1Xf7Mv1TmN.E/2AmW	\N	2020-03-30	14	2024-08-01
956	9	FtoxQwBM	GyPvrOoj	ypSvy@example.com	$2a$11$Ag0wS94Q3kwxqYwvLGqov.OQF7AyVxPb5IxUTRQOrQZs2oq6eFKWS	\N	2019-07-01	14	2024-08-01
958	15	eoClLYpL	WIBzRJnq	WeKHe@example.com	$2a$11$0Vqf5qtrMG4WdGDxzn7PmufxIZAn9E3BusbQgbuHxnKPmmrv8z3Tq	\N	2019-03-11	14	2024-08-01
960	15	lfqrJuze	DCzOWgLh	tpkQt@example.com	$2a$11$zYf8zfBpm6oby05Xmf2oB.WWTMWmzmA83JhVibg2k297oQw4EGCrm	\N	2022-11-06	14	2024-08-01
962	17	FWjyzxVX	dyXoqQef	KlQVo@example.com	$2a$11$EN1rlmjf3QxysCCR5AFud.j9xpGcYbu2qysPm5p56bC50NfAZqZ0K	\N	2020-11-21	14	2024-08-01
964	20	riwhBtOw	hHuIsXrD	DHZMI@example.com	$2a$11$mXhzdRPBiFBb5K9AMiuMNenVKBZi0SGEz8urz6n5CmGmbnF1zQ/o6	\N	2022-03-29	14	2024-08-01
966	8	gQhYIctF	lmNRZfIM	ssWDK@example.com	$2a$11$1MewvIk7QI71km4hTn2ruO3o.EpXx.FDsD1vS72BAP6x3VRRtkjlS	\N	2020-10-05	14	2024-08-01
968	18	qWZydBvG	dSChYEQG	OmEHS@example.com	$2a$11$wIkXbExm8cdpuSijULhUNeye0HmLbEwjsodzdLrAWfyxmYL.ARWra	\N	2022-06-21	14	2024-08-01
970	15	VPVfmSRk	dKyxfcal	bssNB@example.com	$2a$11$QNOU.yEj2Inhs5M9O9kzx.kKtFfg1xuRg80WJ1NgZUEMTbuxo5k7W	\N	2022-03-12	14	2024-08-01
972	8	DaCTUXLR	hrsVgWeN	vtknE@example.com	$2a$11$5rgezEiMY4yFbPhRMLu9j.i6d8ErFp7xgeilUIULj0Yas6XFBzAVS	\N	2018-03-18	20	2024-08-01
974	14	DynymeRu	jhvHewiF	OSUTJ@example.com	$2a$11$.AuehvM6FJHHFkOp8RHt8.PviIMvP3Yx6NmMS9r8axlI1iKIAWgjm	\N	2018-05-11	20	2024-08-01
976	10	tDZCcwMR	ktGSKbvn	YtNiN@example.com	$2a$11$FGLtzdddSYhGwWGFTZ7XRuFaX2NRl9mMxhWkSI81AzRipcjFICuPW	\N	2018-04-13	20	2024-08-01
978	13	lLHYKWtP	NgvhVqbF	hQCbl@example.com	$2a$11$AXF54xCwEseuhtTHpsBvYOZGUeQZsr55wthSVzu7cGJK1RTnSlcli	\N	2023-11-25	14	2024-08-01
980	12	GVmbnfxS	WqvDjQBC	rzvrM@example.com	$2a$11$a1quh./wZuJWaZNOnr60VuJZ00QP449WFmgqU6k6Gs4/nuzNzaoxS	\N	2021-03-25	14	2024-08-01
982	19	pWHsoDVu	bpUsumDp	BUasG@example.com	$2a$11$QFS4D9BmAVLwgA8DVQJoROhlCVf07Mbx5N7pxBzHLLloBlSwJWZES	\N	2018-09-16	20	2024-08-01
984	8	faTbPqiJ	YqrRBpJg	BvFtn@example.com	$2a$11$iza4Y3folX99ofO7L9NrA.DoGqpeiEEn6CTuMy2pbNc3l7ck3JDey	\N	2023-12-30	14	2024-08-01
986	7	dyzMHUDR	kdfRRFBv	CHWSl@example.com	$2a$11$LDwfljf8ZJspVPIUwMmQNOiMdpgH01.xUeswbpZYPkZdJXeTp5iEq	\N	2020-12-16	14	2024-08-01
988	19	VGhlwWMM	ZMVXClah	SjdVd@example.com	$2a$11$ME7EJ3Hb9O3Zh1TXw1mnte9VoTPVUsJJmz02FW1SPhr46yil0BcLm	\N	2018-02-18	20	2024-08-01
990	19	QZyhoNuJ	NyPUzHdS	aBKIY@example.com	$2a$11$TKOJRRb0lX7A3c.ljyshp.RBcgy5KXaQHTz67xwLj1qfTowj9mP2G	\N	2019-01-02	14	2024-08-01
992	12	eOpSRKNU	aZbzzmvT	yhVqF@example.com	$2a$11$B3kZy/Puha5h1BDG.fPVsenrxin6mpAth9ehzryJ03peseKEJk86y	\N	2018-04-30	20	2024-08-01
994	17	kqMUyUTo	YQRWhbSM	rKUCO@example.com	$2a$11$8LZw68ZKJFppMMQbjteeOOblJlqQEYLApwNSWsrZnxv7L.ECzF90.	\N	2021-10-22	14	2024-08-01
996	9	LmJjRodE	CSIrmVGE	GAMOv@example.com	$2a$11$T/Zt9WmAkRZKkt61gFYa5OtDVn5KKDky.rH4bnBM0/2gj2xLG35yS	\N	2023-01-19	14	2024-08-01
998	17	KxuEIeBt	ZChQbIkM	ZDyoM@example.com	$2a$11$mnUfLbDnmA/AzYStpeOVvOKZZlqHUMleNfPpEpZhVe9C8x4Dv8auu	\N	2019-09-12	14	2024-08-01
1000	20	wZKgptqg	SczAIXUb	FHKLG@example.com	$2a$11$C2wnLks2qbh3C48Y8LB2tu71xjBxPm08u51KwPerT08IYNQBZfqyq	\N	2023-10-21	14	2024-08-01
1002	6	hwDhlOkc	VQPZHqhM	gBShz@example.com	$2a$11$lDH5GLidg4UYwyWE/A2d0OAPpJF/LA/jCZmNCkZ2WS88tW6pphdOy	\N	2020-11-23	14	2024-08-01
1004	19	TzpzpnAu	FMRKNIJP	NXZdI@example.com	$2a$11$.mP/9FTP9qyT6CTVRBGGIOmDsdb8cm//ZCPnHqnMBhZq6XAzxYala	\N	2020-05-19	14	2024-08-01
1006	10	TDxEOwXk	KMWmgYEv	QAnNH@example.com	$2a$11$xbOX5NWKOVPUSWiU3y/i8.2uqr5hcrOc4n4RUcj/cLURLZkGoqKPe	\N	2019-08-04	14	2024-08-01
1008	6	MfDBkAIo	SnKOSyiw	dytvA@example.com	$2a$11$SFvbeAkV.OKfYkA4yNHOMOvxmQPAzjaNSfzjgfICNNsQUf1b5I2kS	\N	2020-02-12	14	2024-08-01
1010	17	cxIaWRiO	waCfmhwg	DYACn@example.com	$2a$11$STfzog3cmTGqUMlU1Bnjj.ZQcFyDUA/Xz4qXzqBRIKJQ4N15trHMO	\N	2019-02-17	14	2024-08-01
1012	14	okLLMrCP	SVaRMCRO	lIPzU@example.com	$2a$11$6agSJVhauKiYqr39VMn5yu3obpxravTEefV7L5VjRT8uwlN9ROSUG	\N	2020-07-09	14	2024-08-01
1014	9	dZWgPdhZ	IMfoNgyc	HLvrO@example.com	$2a$11$RtnJMYNt66K5IXxGYsBl.ezJJytk6/WCAgYCcZfnSOqf76X.MKhIq	\N	2021-12-12	14	2024-08-01
1016	9	xvHTYQPW	GWqXncau	plFkl@example.com	$2a$11$OXenh7VuRCDZu1H5UpZFW.T5A2XY7hO9SeJt3mQ3xOiNEPqZfbvL.	\N	2021-10-19	14	2024-08-01
1018	13	BbseaIMf	GrACbYoI	BIbQb@example.com	$2a$11$zzPlfyS/SVyuiOmA4rU3Zuq3n/dq1etP5cuhWvBtsUZdifG4ehLFa	\N	2018-09-15	20	2024-08-01
1020	18	KMMNJOnS	yZDliMCH	gtzBI@example.com	$2a$11$OHSkpWbaguVM0m8vN7QoUe9nmd4vZZp99MCzLhmkE1G.XCkz5HRAW	\N	2018-10-27	20	2024-08-01
1022	11	sUCkIIXA	JvFxQGkt	lxRiY@example.com	$2a$11$ts/3tjmVIg8U2sTjYzZtkOtuAFafJ4KARcBc9gR6Thf//IYhPGuw.	\N	2021-07-02	14	2024-08-01
921	7	IHXRspNC	SDfiKFdo	kidOn@example.com	$2a$11$BkF/2Ywb08mw47.F72T4QuS1.c/Ihx/F3hc.q9dHuPCDybnjO/b46	\N	2020-03-14	14	2024-08-01
923	17	XnNKHwKB	owGiQfte	fjhpi@example.com	$2a$11$ugQ6iAcbEDGQP9oL21UTv.nUiy11CS/9Am.40aEu2gT1hBOod6mXi	\N	2018-12-14	20	2024-08-01
925	14	weSFLdUh	YCmOmwOX	vbwJW@example.com	$2a$11$103zoZALThwZ7gh9CTbBievD4NTaIJ2klcMOEJ53DTGYh58Wvk32W	\N	2019-04-27	14	2024-08-01
927	13	UqHcMaLQ	beCwjSwT	CWqux@example.com	$2a$11$hmTDqAt/QZ3dgdWJWFlP4etl.Ks.CD/QP57S16azwxFxdeGteQU6S	\N	2018-03-21	20	2024-08-01
929	7	YFzvZqCH	dlfaTNMm	cHYPd@example.com	$2a$11$Bg0PuIULckhtCQGqSx7H/eS9l2bfY2X3Kq7LfnCjsDmb/6loi2.7S	\N	2023-11-01	14	2024-08-01
931	5	JqhgtEpx	zeBZzDiP	sVFCL@example.com	$2a$11$l/ME2fdOJz7ukXVwzkcZeuKNybyzMAzj8UeWA23HulZVDwETZIZwC	\N	2023-03-01	14	2024-08-01
933	10	epHquAuu	sHXMaIoj	ikhxa@example.com	$2a$11$Hzxd7mdPcjP9RJX.12Vb/u8SBpo9Crsg5kD0X1pf9x6uWlmR5OIPu	\N	2021-10-19	14	2024-08-01
935	5	dQUfXfQT	gTAEspBE	BEKCr@example.com	$2a$11$lu2N6XZq9/iGnp7zeGemnObxGgZCXuxvKeHQ9Fnvc1G5QEY3WEr0.	\N	2020-04-04	14	2024-08-01
937	20	WwwiubrB	PJsWMrak	viPJY@example.com	$2a$11$NQp2rnOQ/ImPkHFvPugKeO3JLMJjpkATYA4E0OelNCvcW8PqCkuju	\N	2018-11-08	20	2024-08-01
939	15	TxxTiBEk	bngPiwmG	QxLcb@example.com	$2a$11$Ed31187W00n.Zi6ZYsiV3..CRy.tGmDLRlRFIDk..elEuYYbsQmEy	\N	2022-05-02	14	2024-08-01
941	12	HkVnyFtC	UProNKuq	QHAud@example.com	$2a$11$MVx3AYXBo.7hi0GKRh9R6e5wO8IpU2jzEer68AVEK3dtfd0RKrRbq	\N	2018-04-22	20	2024-08-01
943	6	HHLzjnDA	QFIxRiQG	sagoU@example.com	$2a$11$lkGqzAVLTUmfzqXJQthAxurS8SXlWhe4jZTkgIg426.QlWtrCoOx2	\N	2018-06-11	20	2024-08-01
945	8	KGHZKiBA	rXJQiFsI	FgBPg@example.com	$2a$11$tVBTWS32aNKqsoPohvsewOD5dyEouSKvzVsIrlvImiVNd3gmyr8mm	\N	2022-03-02	14	2024-08-01
947	17	sVJEIeLj	fYTkaODN	yVPJy@example.com	$2a$11$himy1T0NHBPGjjNQCMmyVOUt9r.A.sJQrS4q5ByKGIdZ3GXzr6DJC	\N	2019-05-16	14	2024-08-01
949	6	CpasYYbK	eBeptpcB	gLiLt@example.com	$2a$11$IwphJdBPQ06TMaNpK10.a.S0Ff2t0xyGLoWI9qU5Ltu9RBefRUVQq	\N	2023-10-27	14	2024-08-01
951	10	vBVHJzbn	FtOqKvSU	pdTPx@example.com	$2a$11$ASl82j.N25YV9G4QwP3FmuGsGnk8gm2fh.GyLLcvlikmnfsLR6jNO	\N	2020-07-19	14	2024-08-01
953	5	PdmErmNy	qWXlvDip	fYgnd@example.com	$2a$11$DxSxUet8spJajk4/p6J3uOreEtP9QlVOrY.hlmcJ77iH7pxvsis.K	\N	2019-08-07	14	2024-08-01
955	6	lpUqhunz	ckmPIPZG	CfVds@example.com	$2a$11$ew2kC.aGy9pvVwKbhnpEguGyP0rHTZBQSaaPQo0PTffrtlVpERd/i	\N	2020-01-03	14	2024-08-01
957	13	pWAJgXXP	OUFiARHR	EnxUp@example.com	$2a$11$LdESS6pHdP6saP19X1l.uuHLg4vA7eTfb2cZpa1rMpEn01pVH9t5a	\N	2020-03-09	14	2024-08-01
959	5	tPQECXXg	aNAFHWoa	oBKaG@example.com	$2a$11$I4QVKhzyccdXOK.hnKWAXehExI7KjCz4vUcoko1M8UuV/JnzCcWxu	\N	2022-04-07	14	2024-08-01
961	13	hLrhWPos	RdKUErYe	HnhoC@example.com	$2a$11$2T/egQb07tCD23.Y/dTlCOptuZydYFjY5GVeuJp/pnGjVYLkhFKXu	\N	2022-01-02	14	2024-08-01
963	5	NKHMsnGn	zkKFFvXx	SecMV@example.com	$2a$11$RHBgj9y7paZHjqEh675KEO43xaNW9zu18DDSM5vsPts0GeoEZyBC6	\N	2022-01-05	14	2024-08-01
965	14	cRYkqnzH	vCkIxztR	oVHaU@example.com	$2a$11$xoddItDPToedpV/nm2Yo9eUL5pzf0UuIzzGgsK4f7Ch8mbF027GwO	\N	2019-10-25	14	2024-08-01
967	7	jZNJxvnV	hvltBLGj	LKaBS@example.com	$2a$11$aJkgn00UBdNN5b6or0CeBefbvlDkMu0o3tszPW5wgqA6jr0qKpDXi	\N	2018-03-27	20	2024-08-01
969	11	rOQVdKqJ	YaMbTnAC	EdgnB@example.com	$2a$11$HjY531ENoEm8XGbMSYZfZuEn8XEnyLGx8gFhDCsQFJOl8OwUlmIHS	\N	2018-06-18	20	2024-08-01
971	12	UFOitlYE	JrAMDGLL	ellew@example.com	$2a$11$EYsl255nuxkhA38HdVocs.iUby.gUdorwAARX9jkWRM6Qy95itlmC	\N	2018-08-13	20	2024-08-01
973	20	csGVlyxS	MqlBnyWL	qEcxM@example.com	$2a$11$LDVn9FN6xF92phYDFmPiN.KKpw7Xbo5/YJYcRUG0Fz0kUhiy.GRS2	\N	2020-10-31	14	2024-08-01
975	18	uCvVhxPG	vxunIDwX	MNkqo@example.com	$2a$11$umA7r5bOb7j.lxUGjjtxI.JWF8jjI7cuHk5J3vnw7iGDVYLmZHiXa	\N	2020-06-24	14	2024-08-01
977	9	nyKPxjiH	xZHNzImd	Rnlqa@example.com	$2a$11$bJybAumMor0UTURYTqX5BeU0ut3jS0V2OdO1DM8PnLhkuxftoEgcq	\N	2018-04-29	20	2024-08-01
979	17	PUVRhLny	SYqeIMkW	WnuaP@example.com	$2a$11$gSRRtiArMk.e9lDGVn.J0ugynxWXSE8UFCI6kR4bobj1x84Xha7T.	\N	2023-07-05	14	2024-08-01
981	15	ajBttbVD	oKcjKBoH	rROJA@example.com	$2a$11$.S2VSJleKHe.Ny2Qy2i71e.Le9mfo5sKIOmqDvJpeQmAMDOEDCQmq	\N	2021-07-08	14	2024-08-01
983	14	JMoRKXdp	bHeIIRss	UcXNP@example.com	$2a$11$8wqNu0rigDuEpYhIKq4G.eoN9bVZSsweZp7WSGZwMWQpcR/NS6dzW	\N	2020-10-20	14	2024-08-01
985	12	DIEVAoMO	uwyjHffr	hLdOy@example.com	$2a$11$VzdcGIpTM00voXkFUWsFm.loldnZvrghipqpnhBN8045EFudwMtxi	\N	2019-04-12	14	2024-08-01
987	17	cvyLYYeq	CxFVCaQJ	bPrHM@example.com	$2a$11$OuRGdQu7yWMCJs1CMmfLQebGU2UdW6ksX4RkhZBU4JswTmCQm0HnC	\N	2019-03-10	14	2024-08-01
989	8	UCOtWkZz	JkEdhLyD	nixNK@example.com	$2a$11$Eb1vKeCZnv1ijfDKySHH8uap/GsR/SunfL9kTykFrhqc3RJkXt2o2	\N	2023-11-22	14	2024-08-01
991	8	PnYDOUhk	uNdHIWQY	xHYSw@example.com	$2a$11$JnvGH4jFsJ06Iq4OobQuReD4biBCxPbG48nk0nOWapawwZklz8m3C	\N	2021-12-12	14	2024-08-01
993	19	qppFlDmn	PQDqhYVc	xcXyz@example.com	$2a$11$sBbqMHEbzvPfuPN4YLg7NOv0CB132R1xcWgnN8zVgIa8HsJBlae3K	\N	2019-10-12	14	2024-08-01
995	10	aMFmUtla	zCLqaTsx	bbRfc@example.com	$2a$11$AroayAXc48yZSWt8wDehl.mPLRhAmvLaujgH/wvCGdIiTUP40way.	\N	2018-12-17	20	2024-08-01
997	20	CauxwFqW	KaoYmYOB	FGKgU@example.com	$2a$11$5LmaulV/tHBwgUoj0Q7pSe3hz1/dBb8qYTDHDOS2co8E0BAKp0L3u	\N	2021-06-03	14	2024-08-01
999	17	JnPKoAXU	iUAqqvzL	PiSxl@example.com	$2a$11$9aqqa1ruyUmCmaKnQVzwVuozaqPiWTfaQL.IDZlyMbbQfPD6BLXxK	\N	2021-10-25	14	2024-08-01
1001	7	UhUrwecI	kwRcwFhA	sgKia@example.com	$2a$11$/DxeATf2k7pQ0FXe0mS3XexOSUfGBFSeuZZ8GYNvaq5cSX3vdsho.	\N	2018-12-03	20	2024-08-01
1003	14	tDVGwwAs	wjpVefTq	YzruY@example.com	$2a$11$B.ahUHqe4lq57m9k0mS6yeHzsJUttC3yDBj4FR6zNZTUjeFM6KHWK	\N	2023-05-08	14	2024-08-01
1005	11	CimmQhgB	twtObdEp	ahvXL@example.com	$2a$11$zxfVrVWHqcEF3ChbFx9LIer/3h.fhmNJ2Oy7wjD1rgSNI5oyWXhla	\N	2020-07-27	14	2024-08-01
1007	17	ncuymnaz	ilAwAKid	HxKXe@example.com	$2a$11$oX5Tg4Fs48/UBLB3m52gEO4wp9qgnrs3yJKk5uqAANtPjIr.eCMLm	\N	2022-05-02	14	2024-08-01
1009	13	rkpEMVHZ	sSbcVveQ	xHVya@example.com	$2a$11$J0lXgEwfuaV/pbbtOB6U7eayuShIlDH8oWNCtVUl0KO4Ur7D83PRa	\N	2022-10-07	14	2024-08-01
1011	19	DjNzWXoz	aufNFwpl	MOAmt@example.com	$2a$11$2B5nkTzOJDOgSHEr4yMV3eMWAwJnBfRpN/MgAH0MsWiRM/Dp6ftZu	\N	2019-08-25	14	2024-08-01
1013	6	JiyTEYEk	oiCvbvoL	JZghr@example.com	$2a$11$mEn.SICaf7QL5666G.JSg.PYWqcHg/kkxokw.pC52wnJz9IB/Yy2K	\N	2018-03-01	20	2024-08-01
1015	10	erjczkKC	yUsjfhQj	WPEFS@example.com	$2a$11$9boAf1A/.CtPynbLeS6pUu2oJnrBJdhyVz6XGAlZA56x2ZTJtzkI6	\N	2021-03-05	14	2024-08-01
1017	6	pikESxSt	wiCDTBLj	XZPlK@example.com	$2a$11$eN5rki9gyHRe7ustfhY6COJGRcN.CTqQmz5cI9lYYHX/awTfUUhc6	\N	2021-08-01	14	2024-08-01
1019	20	aXBxjdIF	QUuNLdvS	ikFGI@example.com	$2a$11$lglC7ZXgU9YPUBP1cdKc4ualeb3nvJHvs7AjYH197KyNYB7EN.gSu	\N	2022-05-09	14	2024-08-01
1021	15	jieESMBF	kshDSjBl	fKlod@example.com	$2a$11$psTDnmrvu.JlzvzOoafEQex4OrnJHUKTCeZbqpauZmZ.da.KgF/Gu	\N	2021-01-05	14	2024-08-01
1023	6	hfKSIZNa	FoEMyBCX	jIjjC@example.com	$2a$11$pyKBXZLlINVB6gSLYEcZieLkDMqiDii.gVr3eA2GpV2jmZInXyvxW	\N	2023-04-20	14	2024-08-01
1024	19	cgxhImRu	KcTZITTx	btEHO@example.com	$2a$11$bW.6U3RHcjwVakNQaBycUOVR9w1krkMxtldEmE4feJXbTwyi.df2e	\N	2022-06-26	14	2024-08-01
1026	8	irNwwHho	PkRxjWqU	WbRKv@example.com	$2a$11$A8Uzv.5kbPZwT/HP1rRDH.btaciykPTAb4kBSxfTojfJ4xEAgx.Ge	\N	2018-07-24	20	2024-08-01
1028	7	tsRjLKGK	SoCAEHJc	DwSVH@example.com	$2a$11$3nwNU9zDXi9hvIqcg7xrweC1lKeFHARgSKwCgbvvuN4q6LK5ROxIW	\N	2021-05-09	14	2024-08-01
1030	12	HGeFsIEQ	xzzWOEHp	dtQfY@example.com	$2a$11$9uOddRtamQFG4MboIrXxQeWrnLqJyNdC4gKyeC5oxLXo1DLHRDQuC	\N	2019-01-24	14	2024-08-01
1032	12	vllrcsTD	SiDNVmsI	tncPV@example.com	$2a$11$oiSvqae/hsOozlG/q7lZgutB/CRofciMFPJG93tdOaZPc4lT7wxUG	\N	2021-09-19	14	2024-08-01
1034	5	vRSRepLY	tqhHEDHY	uJhSt@example.com	$2a$11$s6r9hqNoN13JsQ3J1Rus7Opy8cNmGENttTll5vyM/RA5eOlI7IFuC	\N	2021-02-02	14	2024-08-01
1036	15	TMznUmLT	qdKORnwP	miJkc@example.com	$2a$11$24FQKl44ziIqH0Gzo6NCcukl5JMFfOxoJ3UEC54EC5Hi5PAbvviOK	\N	2023-10-15	14	2024-08-01
1038	18	NVdKkSDa	vJXPxJQc	lyqDX@example.com	$2a$11$Xtyg6.tT1QMWxyylGW0MO.dh5y5w3sK8YW44yPS6/WlOAJj/mXb4a	\N	2020-09-18	14	2024-08-01
1040	13	aCyTteME	VWbbMYth	UWxzU@example.com	$2a$11$GhWbScejc57Q5hEoNlmj1ugW3GLYzzIltTRPX.sk7p0oKMgpdXPtG	\N	2023-01-02	14	2024-08-01
1042	18	kPfZQFxT	bcsNwrSK	icxJl@example.com	$2a$11$fKcblHV12nBVIhcqjaljCuc0N0JHVdX69YWI.GKGNsNZMkgbuJhka	\N	2019-09-03	14	2024-08-01
1044	12	OACsJjVH	utrBJaba	WSIJT@example.com	$2a$11$0GVyFVYSUnTlsTlnk.QLJeSG.igbKpTBoW2W8WLSyvIrXORqXOfWW	\N	2018-06-11	20	2024-08-01
1025	7	zBJEqDAU	ptXwvfhe	scgsO@example.com	$2a$11$oF9hS6fquh7.A4zmvW9K2.wdAkKmTKWLwE/JpmPiC2xfwWzGIOpOu	\N	2020-08-10	14	2024-08-01
1027	15	uVemPUug	eLtggQrl	saiTV@example.com	$2a$11$iRQg3339F76guoUXG/TzVOdmPhIRpRrtq0jxjXgoQWPzLNj6l00u6	\N	2021-01-11	14	2024-08-01
1029	9	AdvQqfRG	fdnjiWvn	xyJuv@example.com	$2a$11$qWL3LE3VKhbcp9W0VENVg.0qeLgjepR4lbh3OzTWaWsY3Q4zbeNI6	\N	2019-05-25	14	2024-08-01
1031	20	OFNzjeAp	sPjIGLKX	ylnLk@example.com	$2a$11$a1krot5bo3gIQ3wMQkFH5uyT.kWiGsyJKtLFahsvQLbW2iSBsog9m	\N	2018-09-22	20	2024-08-01
1033	16	tGsHizNQ	mxQdrEbD	OqNCn@example.com	$2a$11$vuX5aod90zH.hyes4sjojOhq1P97rQKUkpcKnf0lpLzHDEaUbUqe2	\N	2021-04-03	14	2024-08-01
1035	15	dXYfMoJK	OYRVxoFJ	rYvhu@example.com	$2a$11$PEFXRe6JC.xuHpnDHkiaRui5mdsgoW11hoILONVIUWSh0ARRV6NMG	\N	2020-12-03	14	2024-08-01
1037	19	MWLCgPIj	CqqoXmrT	WLGPB@example.com	$2a$11$oLTDM5RgQngP4z7Su6x5D./304f0XdlkwJEU7ZFa..6uqmNxvGA6.	\N	2021-05-19	14	2024-08-01
1039	19	cAGOYPbB	lEbirvfz	KODHA@example.com	$2a$11$X4z..1UPSfjp8PiX.ZIN/e7Gap9.Ofq.yq59kt/2JQXsbvTvTYpOC	\N	2020-11-18	14	2024-08-01
1041	13	xvxQwgWj	UKRuRWjN	QZflE@example.com	$2a$11$yLk2KHEa7PiWHyuMYSOip./C4m9uN.f620SyFUwhvb0iAr.91r6bi	\N	2019-03-05	14	2024-08-01
1043	19	kFwvUjRl	XCncYCYM	NGqvh@example.com	$2a$11$Gb3kftfU3f3vtg/0dVZOYO2/iorGmT0HNKJT8QmnYN2C4vxIpMNae	\N	2021-12-27	14	2024-08-01
19	5	DlgrhwUu	lctvwDwqer	BJJaE@example.com	$2a$11$kH/rK5FR56TVN26Rx6FemenFdvDS.rZlbvnm4SuPTt4veoxUW5Nb.	\N	2020-06-15	14	2024-08-01
42	6	CvKahChO	MgieZrhLer	rhkcl@example.com	$2a$11$BcebwcqUtcE5/uMrWtBL.eL/VuGD449nyevPJMpsAIXe4miARdGeK	4	2023-02-19	14	2024-08-01
56	19	AwbYWWde	fwpOPOpD	yfney@example.com	$2a$11$RnJr.sTc85NhwOu6Bw2.fudRXhCGNr2MzRzzXkzOOZAKAmk0ZBIYa	5	2019-01-30	14	2024-08-01
59	13	gnKtLtEK	XPCVgnpP	KIiuF@example.com	$2a$11$WpgxHaD4zmT91SLw8Hacw.nCZCLx95vj.fHNBRhCpLa/y8dNFx3jS	5	2019-09-10	14	2024-08-01
61	18	MpjfvWyz	tCNmygzN	hqxIa@example.com	$2a$11$E1djbtDWSzURJrwN4yITau1ptRFAqM5OH62kKgWF00I1sMaMpou3W	5	2020-01-09	14	2024-08-01
63	5	ZbOjNQyH	RqODMctU	YGoHI@example.com	$2a$11$THnPffINtMfiQtQB17H4keEHr7X8YbUnjhbt06GeKzfP2/KfyBHh6	5	2018-06-02	20	2024-08-01
66	20	eEKAiktJ	uXQCoIBr	RCOfw@example.com	$2a$11$Do.9TpYRNhiGgQcS0eb6Qe5g2hDTQFYLOg3bHk8N0hemDE8pfPSRS	5	2021-08-16	14	2024-08-01
68	6	prFCJbGG	okUEYzhk	ropvH@example.com	$2a$11$wQb54d3nuA4IQTzA4r8CueE94huL50GYuN/NimSYSLg3T14fLL8l2	5	2020-12-01	14	2024-08-01
73	5	mAVNrnCo	qpZtiGOW	dtdAS@example.com	$2a$11$F7K2AreXQjiI275nv6Ez/e3bRnJES.JWy8WvHhLPANYCrYMXGSRxG	5	2019-07-06	14	2024-08-01
74	10	TWSLxOHr	YIEZLQee	DBsHQ@example.com	$2a$11$T809yjtpKpK9oWisxxjMIutXNkdpbsuqTmKu11zs1tST/KcmyQYze	5	2023-12-16	14	2024-08-01
80	20	SmwekcFH	HhJFGoID	IZusg@example.com	$2a$11$JEYLjvzJO8M8Zlvwk3T9/OQ9v2b54re0kNn2siaOME8mRxfKuMEFa	5	2021-06-28	14	2024-08-01
82	9	PdDmOtGz	uGAAjegn	RXgZr@example.com	$2a$11$0NY0Vx38cCPyGVJNKACOf.4RjFW29WqS50p9scPpMyIF3CpKPQg6G	5	2023-06-14	14	2024-08-01
84	18	jueMyLQe	ChFqEogT	flNwE@example.com	$2a$11$XE.69fNWRlR/LgEgCAO0HerS3zDfCnw6uqgB3SUGy6Fkzsd8mnWRy	5	2018-03-06	20	2024-08-01
92	11	BMKidUOA	rwXsCzOF	MPPZr@example.com	$2a$11$Z2s6Gq0yvYFzJPJMy3yOQuOKcG1GgwWOgI1m/QhSHQCForq4w461y	5	2023-10-02	14	2024-08-01
94	16	RQcyjKJu	KYXmeojg	SHZtR@example.com	$2a$11$xPno4/Q11ZUKuGtUN3HDkulmzlOf/kSsrN/wM2BSNtd3SW2va8D9y	5	2019-05-08	14	2024-08-01
98	12	RbSHJZNg	riYzCvGe	upWWN@example.com	$2a$11$CVBuCQ3kGZvrnsjxFzm9xukDVjtokHUDdsUT96ZqxH3YoEJr57azS	5	2020-05-17	14	2024-08-01
100	19	dIkQVTgJ	yExImeFi	quEeC@example.com	$2a$11$bvXVKAvMmKBHq8SCFj9BFeVv1ZJY9azmnHhmH8LTE4hOODRzQ9eZq	5	2019-02-01	14	2024-08-01
103	12	BWECIthE	NmIqEOCx	ZyjRt@example.com	$2a$11$rJkGNRNudb/Syp.VSiPVJ.MKZjwIbseJv01OyD4q3l4YbDs8pxk2.	5	2022-02-20	14	2024-08-01
107	14	rlPnFikl	DJFsCqSe	LZpWa@example.com	$2a$11$8sOJstlkmxeDnRYQ2RHd/eH.Q0w9bm8CiORBMdS4h8PMEI5gK4LnG	5	2020-04-24	14	2024-08-01
111	9	IptABXON	QwUmRogn	qgXTt@example.com	$2a$11$ORIHu9BSje3rarXbtAAT5e6jexDISobD2Tx2Cl5yc56U5241ce69e	5	2022-12-08	14	2024-08-01
115	14	ksiDHncT	eYbUyagM	NwiUy@example.com	$2a$11$FS9N/XFQZaCYZcrPZZ8CWuxvS/ZVV4cVZxffe88sJshVXTqLUMCbi	5	2019-07-18	14	2024-08-01
119	14	ZHFkcdkj	PfzxCVrW	TshEO@example.com	$2a$11$f9tzh5rE.1LuFKDNnD0QOulymynloZEfYonIwBbX/Kw/3x19Uj/0W	5	2021-05-25	14	2024-08-01
122	9	YcSmybsK	YdJuvWJo	BTEvz@example.com	$2a$11$oU2jGR.CiUcvnpK1C728D.//4Um5QzttHFwz1.7ZSWFUQz74Ao9gG	5	2022-05-23	14	2024-08-01
126	18	pfWnfVUu	dUhofCnm	MPSYw@example.com	$2a$11$68/972PbZxKBGHvRAb/3nOc0ij2XCLfKu/.OuWkHXM7mg6Cy9S5ya	5	2018-01-09	20	2024-08-01
130	20	VgsGJqYv	xzWOhnPy	YEAgJ@example.com	$2a$11$5XaN2BcnHyg8gY3HzQT.I.Yi9fAxbrc6a9DuCf1so71jKXEw74CjG	5	2020-01-23	14	2024-08-01
132	19	CWoyzjHR	uxxYONGb	GgYrX@example.com	$2a$11$t2wGRckZw9lr/5b2u8vWJ.IveFjTuz5vdjWKAUctOQpSSaWtIhZRW	5	2021-03-31	14	2024-08-01
133	16	qoJyLadF	EdDpmGDQ	RUtVp@example.com	$2a$11$firdaJPhoxfrv/3SfKdXGux3y4pXXJiuV1PAdckdf5qFEor.gAH2.	5	2020-07-27	14	2024-08-01
134	8	kZWPHkma	pFofmLDA	kcIyX@example.com	$2a$11$gQIhFVdAidFpsZUsmGWAmuGs4yfKOAknl/A5KL3LaOmRyK7qqWkki	5	2020-06-28	14	2024-08-01
\.


--
-- Data for Name: JobSchedules; Type: TABLE DATA; Schema: public; Owner: postgres
--

COPY public."JobSchedules" ("Id", "JobKey", "CronExpression", "IsActive", "Group") FROM stdin;
1	EmailNotificationJob	17 21 */1 * * ?	t	DayOffs
\.


--
-- Data for Name: Roles; Type: TABLE DATA; Schema: public; Owner: postgres
--

COPY public."Roles" ("RoleId", "RoleName") FROM stdin;
1	Admin
2	Manager
3	User
\.


--
-- Data for Name: __EFMigrationsHistory; Type: TABLE DATA; Schema: public; Owner: postgres
--

COPY public."__EFMigrationsHistory" ("MigrationId", "ProductVersion") FROM stdin;
20240703134335_init	7.0.20
20240703134938_EmployeeUpdate	7.0.20
20240704062847_AddedEmployeeDepartment	7.0.20
20240704063435_ICollectionToList	7.0.20
20240704071028_RemovedDepartmentIdFromEmployee	7.0.20
20240709083116_ColumnUpdate	7.0.20
20240709085410_oops	7.0.20
20240709085618_oops2	7.0.20
20240709095556_Recreate	7.0.20
20240709112544_InitialCreate	7.0.20
\.


--
-- Name: DayOffRequests_Id_seq; Type: SEQUENCE SET; Schema: public; Owner: postgres
--

SELECT pg_catalog.setval('public."DayOffRequests_Id_seq"', 132, true);


--
-- Name: DayOffTypes_id_seq; Type: SEQUENCE SET; Schema: public; Owner: postgres
--

SELECT pg_catalog.setval('public."DayOffTypes_id_seq"', 1, true);


--
-- Name: Department_Id_seq; Type: SEQUENCE SET; Schema: public; Owner: postgres
--

SELECT pg_catalog.setval('public."Department_Id_seq"', 9, true);


--
-- Name: Employees_Id_seq; Type: SEQUENCE SET; Schema: public; Owner: postgres
--

SELECT pg_catalog.setval('public."Employees_Id_seq"', 1044, true);


--
-- Name: Roles_RoleId_seq; Type: SEQUENCE SET; Schema: public; Owner: postgres
--

SELECT pg_catalog.setval('public."Roles_RoleId_seq"', 1, false);


--
-- Name: jobschedules_Id_seq; Type: SEQUENCE SET; Schema: public; Owner: postgres
--

SELECT pg_catalog.setval('public."jobschedules_Id_seq"', 1, false);


--
-- Name: DayOffRequests DayOffRequests_pkey; Type: CONSTRAINT; Schema: public; Owner: postgres
--

ALTER TABLE ONLY public."DayOffRequests"
    ADD CONSTRAINT "DayOffRequests_pkey" PRIMARY KEY ("Id");


--
-- Name: DayOffTypes DayOffTypes_pkey; Type: CONSTRAINT; Schema: public; Owner: postgres
--

ALTER TABLE ONLY public."DayOffTypes"
    ADD CONSTRAINT "DayOffTypes_pkey" PRIMARY KEY ("Id");


--
-- Name: Departments Department_pkey; Type: CONSTRAINT; Schema: public; Owner: postgres
--

ALTER TABLE ONLY public."Departments"
    ADD CONSTRAINT "Department_pkey" PRIMARY KEY ("Id");


--
-- Name: EmployeeRoles EmployeeRoles_pkey; Type: CONSTRAINT; Schema: public; Owner: postgres
--

ALTER TABLE ONLY public."EmployeeRoles"
    ADD CONSTRAINT "EmployeeRoles_pkey" PRIMARY KEY ("EmployeeId", "RoleId");


--
-- Name: Employees PK_Employees; Type: CONSTRAINT; Schema: public; Owner: postgres
--

ALTER TABLE ONLY public."Employees"
    ADD CONSTRAINT "PK_Employees" PRIMARY KEY ("Id");


--
-- Name: __EFMigrationsHistory PK___EFMigrationsHistory; Type: CONSTRAINT; Schema: public; Owner: postgres
--

ALTER TABLE ONLY public."__EFMigrationsHistory"
    ADD CONSTRAINT "PK___EFMigrationsHistory" PRIMARY KEY ("MigrationId");


--
-- Name: Roles Roles_RoleName_key; Type: CONSTRAINT; Schema: public; Owner: postgres
--

ALTER TABLE ONLY public."Roles"
    ADD CONSTRAINT "Roles_RoleName_key" UNIQUE ("RoleName");


--
-- Name: Roles Roles_pkey; Type: CONSTRAINT; Schema: public; Owner: postgres
--

ALTER TABLE ONLY public."Roles"
    ADD CONSTRAINT "Roles_pkey" PRIMARY KEY ("RoleId");


--
-- Name: JobSchedules jobschedules_pkey; Type: CONSTRAINT; Schema: public; Owner: postgres
--

ALTER TABLE ONLY public."JobSchedules"
    ADD CONSTRAINT jobschedules_pkey PRIMARY KEY ("Id");


--
-- Name: idx_employee_id; Type: INDEX; Schema: public; Owner: postgres
--

CREATE INDEX idx_employee_id ON public."DayOffRequests" USING btree ("EmployeeId");


--
-- Name: EmployeeRoles EmployeeRoles_EmployeeId_fkey; Type: FK CONSTRAINT; Schema: public; Owner: postgres
--

ALTER TABLE ONLY public."EmployeeRoles"
    ADD CONSTRAINT "EmployeeRoles_EmployeeId_fkey" FOREIGN KEY ("EmployeeId") REFERENCES public."Employees"("Id") ON DELETE CASCADE;


--
-- Name: EmployeeRoles EmployeeRoles_RoleId_fkey; Type: FK CONSTRAINT; Schema: public; Owner: postgres
--

ALTER TABLE ONLY public."EmployeeRoles"
    ADD CONSTRAINT "EmployeeRoles_RoleId_fkey" FOREIGN KEY ("RoleId") REFERENCES public."Roles"("RoleId") ON DELETE CASCADE;


--
-- Name: Departments fk_department_managerid; Type: FK CONSTRAINT; Schema: public; Owner: postgres
--

ALTER TABLE ONLY public."Departments"
    ADD CONSTRAINT fk_department_managerid FOREIGN KEY ("ManagerId") REFERENCES public."Employees"("Id");


--
-- Name: DayOffRequests fk_employee_id; Type: FK CONSTRAINT; Schema: public; Owner: postgres
--

ALTER TABLE ONLY public."DayOffRequests"
    ADD CONSTRAINT fk_employee_id FOREIGN KEY ("EmployeeId") REFERENCES public."Employees"("Id") ON DELETE CASCADE;


--
-- Name: Employees fk_employees_managerid; Type: FK CONSTRAINT; Schema: public; Owner: postgres
--

ALTER TABLE ONLY public."Employees"
    ADD CONSTRAINT fk_employees_managerid FOREIGN KEY ("ManagerId") REFERENCES public."Employees"("Id");


--
-- Name: DayOffRequests fk_pending_manager_id; Type: FK CONSTRAINT; Schema: public; Owner: postgres
--

ALTER TABLE ONLY public."DayOffRequests"
    ADD CONSTRAINT fk_pending_manager_id FOREIGN KEY ("PendingManagerId") REFERENCES public."Employees"("Id") ON DELETE CASCADE;


--
-- PostgreSQL database dump complete
--

